method,sample_id,n_reference_positive_shallow_zeros,MAE_RA,RMSE_RA,MAE_log10_RA,RMSE_log10_RA,positive_prediction_rate,n_shallow_repeats
Random Forest,SRS2821816,104.6,0.00011415934855115745,0.00021275617125064887,1.6233056753973572,1.9028912539191147,1.0,5
Random Forest,SRS2821824,115.4,0.00014904226577416754,0.0002346348854723965,1.2525622267938696,1.4903182721736679,1.0,5
Random Forest,SRS2821835,69.8,7.889633345965136e-05,0.00011698433887937221,1.4033941484542214,1.7024347998002263,1.0,5
Random Forest,SRS2821843,105.2,0.00014683213684509898,0.00025460514969655163,1.386090323904575,1.5934192117502648,1.0,5
Random Forest,SRS2821844,44.6,0.00020626265880296655,0.00034510753753454095,1.016475465207092,1.2791030629388485,1.0,5
Random Forest,SRS2821854,27.0,0.00034971763770008196,0.0004332376332467941,1.5710912553214098,1.7739374703112247,1.0,5
Random Forest,SRS2821860,96.4,0.00013700149136451764,0.0002248477192897962,1.5775903886514315,1.776166215092918,1.0,5
Random Forest,SRS2821870,111.4,0.00011634657526313941,0.00020342569006502094,1.4234694626656972,1.6443581470103255,1.0,5
Random Forest,SRS2821871,106.2,0.0001361798841527059,0.00024107901407973372,1.4673598364445641,1.6974840222212335,1.0,5
Random Forest,SRS2821875,81.6,0.00016086996480324655,0.0002525429271870933,1.2370333775081184,1.4380891249100285,1.0,5
Random Forest,SRS2821881,58.2,8.206232174577922e-05,0.00014510540252208869,1.3251991374550685,1.6153839754902406,0.9967213114754099,5
Random Forest,SRS2821890,79.6,0.00014979341004401066,0.00022838194364033478,1.0602720770601537,1.3630885650823559,1.0,5
Random Forest,SRS2821892,84.0,0.00016526674032144657,0.00027972665845942744,1.1335063652239483,1.4807780230128027,0.9974999999999999,5
Random Forest,SRS2821893,35.6,0.00018072845562133933,0.000313679751394219,1.455670908541441,1.7706997312899078,1.0,5
Random Forest,SRS2821894,76.6,7.943165404317396e-05,0.00014364574118780373,1.4186752789807935,1.6810818320383594,1.0,5
Random Forest,SRS2821901,108.4,0.00011334344670075934,0.00019950732181686867,1.5424595375068146,1.7498699910869735,1.0,5
Random Forest,SRS2821905,104.2,0.00011213880382344589,0.00020843683874196937,1.5154128358786727,1.759847125055277,1.0,5
Random Forest,SRS2821908,105.8,0.00011237692531304939,0.00020090319593911256,1.7183596459825676,1.9527706945168362,1.0,5
Random Forest,SRS2821916,120.2,7.741526749145794e-05,0.00014736345548929775,1.5626807574857866,1.779132202830964,1.0,5
Random Forest,SRS2821919,83.8,0.00015062415442136724,0.00025434140733251385,1.4749752087548105,1.6556371418866367,1.0,5
Random Forest,SRS2821925,65.4,7.983953169312614e-05,0.00014104601913410942,1.59665038935429,1.9446672603002166,1.0,5
Random Forest,SRS2821928,70.4,0.0001651816973363481,0.0002652983337559903,1.2047508681276746,1.5656181637638187,1.0,5
Random Forest,SRS2821931,93.6,0.00015100972403303233,0.00022727267166288193,1.3949234995152051,1.6221742679727869,1.0,5
Random Forest,SRS2821932,91.8,0.00015277642932390382,0.0002492288438410094,1.2129848876967793,1.4277721969235848,1.0,5
Random Forest,SRS2821946,45.8,0.00011502566077477291,0.00021876146594679334,1.2523218634666435,1.585608131550594,1.0,5
Random Forest,SRS2821968,22.6,0.0001880867691029102,0.00030082123555177887,2.180726706215747,2.5488143904737988,1.0,5
Random Forest,SRS2821969,88.8,0.00016552479014216086,0.0002603846105469187,1.7731294730000478,2.070383367990579,0.9910844773204325,5
Random Forest,SRS2821970,96.6,0.0001305297173289554,0.00021156478076800921,0.9130745332403777,1.180888655469803,1.0,5
Random Forest,SRS2821972,104.2,0.00012264770143987185,0.0002214183135368153,1.0919520415859396,1.3415020183560704,1.0,5
Random Forest,SRS2821987,112.0,0.00010670538265881191,0.000205248518357871,1.6044070108954553,1.7955645009796526,1.0,5
Random Forest,SRS2821991,90.8,0.00015228734880830654,0.00024814967714933565,1.457659250353251,1.6549675660746666,1.0,5
Random Forest,SRS2822000,86.8,0.00013516421559859945,0.0002166208286114319,1.0524173552834821,1.2755146081287836,1.0,5
Random Forest,SRS2822019,91.6,0.00012837887039439134,0.00020196450463239192,1.544810761586547,1.7623356918260868,1.0,5
Random Forest,SRS2822023,104.0,9.057147881437865e-05,0.00017120981974841338,1.4155404461152574,1.6108617245706545,1.0,5
Random Forest,SRS2822025,95.2,0.00010975208998705984,0.00022420002396612214,1.5128817456184511,1.7139682961492686,1.0,5
Random Forest,SRS2822026,89.2,7.003913475008862e-05,0.0001475709901505801,1.3904619792514907,1.618246173061554,1.0,5
Random Forest,SRS2822053,75.8,0.00013484085369133185,0.0002435417271664327,1.5012406001400391,1.703782240371062,1.0,5
Random Forest,SRS2822060,86.8,0.00014047985306578966,0.0002481806314265264,1.513317536751266,1.7676628288627358,1.0,5
Random Forest,SRS2822063,90.0,0.00013236806891601824,0.0002491917633096942,1.529781830207863,1.794740643894452,1.0,5
Random Forest,SRS2822068,108.6,0.00013223705891440393,0.00021780201258206388,1.4417720205074172,1.638791869418143,1.0,5
Random Forest,SRS2822077,104.0,7.518333471799272e-05,0.00014873944919554946,1.3980674702433344,1.6252956707421675,1.0,5
Random Forest,SRS2822080,84.8,0.00014117443666139122,0.00022797168443092572,1.538189557074784,1.836021768390339,1.0,5
Random Forest,SRS2822089,96.4,0.00011929584040651719,0.00021041049558225385,0.919671018925048,1.1863539105733831,1.0,5
Random Forest,SRS2822111,80.6,0.00012378357894939415,0.00022915375220040665,1.6109015655198042,1.9017092960088366,1.0,5
Random Forest,SRS2822116,91.8,9.072282721148323e-05,0.00017460308193838775,1.4278526979341533,1.6636287632763043,1.0,5
Random Forest,SRS2822120,95.2,0.00012882719503657452,0.0002028186574908778,1.1099456189930077,1.333438463783484,1.0,5
Random Forest,SRS2822122,72.4,0.00019055716938707058,0.00028481115211344683,1.4383500483398644,1.630889212412463,1.0,5
Random Forest,SRS2822125,97.0,0.00011226132045023804,0.00020292803612876681,1.6068152237699267,1.8818106380294402,1.0,5
Random Forest,SRS2822129,89.2,0.0001537619984523294,0.0002653804787471286,1.1517776064018743,1.4580121030071223,1.0,5
Random Forest,SRS2822133,85.8,0.00016196587931703823,0.00027589700470090367,1.1125347569304844,1.4659542329768445,1.0,5
Random Forest,SRS2822136,98.8,6.135362342635613e-05,0.0001065691121313282,1.6699633354360834,1.929803232565538,1.0,5
Random Forest,SRS2822149,105.0,0.00012469874947166698,0.00019734302403068103,1.3802119152004242,1.6190149748160274,1.0,5
Random Forest,SRS2822153,104.8,0.00011887511397226209,0.00019649910342578567,1.0545607701674922,1.3104583538328751,1.0,5
Random Forest,SRS2822168,107.2,9.551789521747513e-05,0.00016387707496498132,1.6155799093644834,1.830289990515879,1.0,5
Random Forest,SRS2822180,111.0,9.579431647759336e-05,0.00019378317440091867,1.7390279634009933,1.9432512930698471,1.0,5
Random Forest,SRS2822183,105.0,0.00014510202579640403,0.00024336059066029804,1.2100476893784602,1.4897805328981455,0.996075036075036,5
Random Forest,SRS2822185,100.2,0.00011962598915569505,0.00022570924393637313,1.0955511869382848,1.3850111327245334,1.0,5
Random Forest,SRS2822218,91.4,8.736569001051335e-05,0.00015935257050973491,1.5469773602762187,1.7851857804509486,1.0,5
Random Forest,SRS2822220,31.6,0.00022415315729653042,0.00034752453097809086,1.8042509289810673,2.243979045851793,1.0,5
Random Forest,SRS2822230,81.0,0.00016671505857979545,0.00027082098234881185,1.5093829126444145,1.8550690765754354,1.0,5
Random Forest,SRS2822236,94.0,9.286190651827976e-05,0.00017516456247582262,1.5300453757322185,1.8340797990867437,1.0,5
Random Forest,SRS2822240,78.4,6.173459578703501e-05,9.596222188705936e-05,1.4761654499707615,1.7453870879743598,0.9952380952380953,5
Random Forest,SRS2822243,37.2,0.0001717291321230242,0.0002616341204443911,1.7018395193533729,2.0056646937473985,1.0,5
Random Forest,SRS2822253,101.2,0.0001435444696400469,0.00027383968311800726,1.296443288286857,1.5052970171749778,1.0,5
Random Forest,SRS2822256,89.4,0.00012540284824387704,0.0002221860123365533,1.6784147473734823,1.866279146853051,1.0,5
Random Forest,SRS2822262,93.2,0.00010027989948648651,0.00018979333142761756,1.470904213511395,1.732598066097723,1.0,5
Random Forest,SRS2822268,89.8,0.00011059830043722225,0.00020611699533335534,1.383540314480264,1.666886545374738,1.0,5
Random Forest,SRS2822269,94.6,0.00011333505821143487,0.0002085835637400812,1.3999211573667683,1.665400703951213,1.0,5
Random Forest,SRS2822275,51.6,0.00018938553988614876,0.0003366695001207324,1.5616511678153797,1.863211779602978,1.0,5
Random Forest,SRS2822279,108.0,0.00012923752193966337,0.00019432384907549098,1.2124208127366454,1.485133492197269,1.0,5
Random Forest,SRS2822280,79.4,0.00016973253257515343,0.00025923284952687807,1.2091047723983919,1.4679439971541883,1.0,5
Random Forest,SRS2822298,64.8,0.0001469726655391691,0.00027451330558925024,1.4810586324846804,1.739970513451875,1.0,5
Raw shallow RA,SRS2821816,104.6,0.0001237578342257396,0.00022682281390973765,3.7086866556110225,3.755615061264553,0.0,5
Raw shallow RA,SRS2821824,115.4,0.0001827652173867382,0.0002828449358547964,3.9927831562481644,4.025858513963556,0.0,5
Raw shallow RA,SRS2821835,69.8,9.615803414010347e-05,0.00014649671516176732,3.7740400375475267,3.7970127353819634,0.0,5
Raw shallow RA,SRS2821843,105.2,0.00016979176268902893,0.000284560257664089,3.9343781598184377,3.969387646195959,0.0,5
Raw shallow RA,SRS2821844,44.6,0.0002410781128824189,0.00039466132017375105,4.061342681407101,4.097140111943534,0.0,5
Raw shallow RA,SRS2821854,27.0,0.0003777512108966579,0.00045839412168710065,4.460699441386436,4.473252583097418,0.0,5
Raw shallow RA,SRS2821860,96.4,0.00015259954786227067,0.0002462169229152314,3.8889825055899534,3.924646578680508,0.0,5
Raw shallow RA,SRS2821870,111.4,0.0001314424971843879,0.0002262107400989799,3.8613866680481337,3.889124020352407,0.0,5
Raw shallow RA,SRS2821871,106.2,0.000152573860835316,0.00026517658868170115,3.9009964095885623,3.932689865963968,0.0,5
Raw shallow RA,SRS2821875,81.6,0.00017983182290524,0.000279193774912516,3.9987210755605718,4.029949154779727,0.0,5
Raw shallow RA,SRS2821881,58.2,0.0001020095181913018,0.0001760023891545543,3.749394188661742,3.7764382525674045,0.0,5
Raw shallow RA,SRS2821890,79.6,0.0002007042741686176,0.0003001011611017028,4.020855482973042,4.056014519627307,0.0,5
Raw shallow RA,SRS2821892,84.0,0.00020857962665811765,0.0003326891533888329,4.026769567062347,4.061493182950892,0.0,5
Raw shallow RA,SRS2821893,35.6,0.00020130656736710675,0.0003539809474123531,3.8740402247461345,3.9221483245330426,0.0,5
Raw shallow RA,SRS2821894,76.6,9.196419036695523e-05,0.00016508524863715382,3.6718877740732445,3.702590093331137,0.0,5
Raw shallow RA,SRS2821901,108.4,0.0001254767256281669,0.0002155180437827431,3.791660240498756,3.8274621972743845,0.0,5
Raw shallow RA,SRS2821905,104.2,0.00012264997926218969,0.0002227857258482028,3.7488252886935376,3.7884724835896373,0.0,5
Raw shallow RA,SRS2821908,105.8,0.00011730049693652518,0.00020817284198507965,3.7174274436966392,3.760193615875809,0.0,5
Raw shallow RA,SRS2821916,120.2,9.169361515184142e-05,0.0001792812178787216,3.6149249414389417,3.654628633075938,0.0,5
Raw shallow RA,SRS2821919,83.8,0.0001653209016682225,0.0002778814215537017,3.9317413311112226,3.962765930515716,0.0,5
Raw shallow RA,SRS2821925,65.4,0.00011366374210123726,0.00019539093599784703,3.763147201371628,3.7946677040324333,0.0,5
Raw shallow RA,SRS2821928,70.4,0.00019628159869395853,0.00030638819157028307,4.039321723036629,4.068486399156486,0.0,5
Raw shallow RA,SRS2821931,93.6,0.00017842314184706955,0.00027428261391901663,4.0274006532452615,4.052277028065683,0.0,5
Raw shallow RA,SRS2821932,91.8,0.00018248193349928977,0.00030163795559561083,3.9984603169915807,4.028451204847196,0.0,5
Raw shallow RA,SRS2821946,45.8,0.00015724796914791208,0.0002918535044306821,3.8713468370629394,3.900284925758694,0.0,5
Raw shallow RA,SRS2821968,22.6,0.0001939662626996672,0.0003091849476338565,3.9453396949063566,3.979365618721347,0.0,5
Raw shallow RA,SRS2821969,88.8,0.00017647789403889505,0.0002796386439164485,3.946572924188223,3.9830776570091104,0.0,5
Raw shallow RA,SRS2821970,96.6,0.00017749559348546754,0.00027315086697529787,3.957456978279352,3.9947999716186073,0.0,5
Raw shallow RA,SRS2821972,104.2,0.00014959449161316198,0.0002643167125495869,3.820221178256079,3.86240056855252,0.0,5
Raw shallow RA,SRS2821987,112.0,0.00011473422037351101,0.00021431959481296581,3.7110458127985524,3.7518059154739447,0.0,5
Raw shallow RA,SRS2821991,90.8,0.00016956516893271574,0.0002688758669234679,3.9272749780823246,3.964170841796796,0.0,5
Raw shallow RA,SRS2822000,86.8,0.0001671501349172736,0.00026018406185441075,3.962230895121324,3.9910546140420564,0.0,5
Raw shallow RA,SRS2822019,91.6,0.00014280891751732822,0.00021736878417496293,3.9116290621541845,3.9430122408568757,0.0,5
Raw shallow RA,SRS2822023,104.0,0.00010142363068922665,0.0001867284625785344,3.678120403470595,3.7148251420196496,0.0,5
Raw shallow RA,SRS2822025,95.2,0.00011872188270185903,0.00023386849593735355,3.7550459488108308,3.78657571542809,0.0,5
Raw shallow RA,SRS2822026,89.2,8.15493779691989e-05,0.0001697950257046399,3.5582132611737065,3.5943775167394802,0.0,5
Raw shallow RA,SRS2822053,75.8,0.00015002407228064616,0.0002635144526919757,3.8602563063200726,3.894505353054658,0.0,5
Raw shallow RA,SRS2822060,86.8,0.00015299854072959668,0.0002628536854109645,3.8704430456351475,3.905908093432197,0.0,5
Raw shallow RA,SRS2822063,90.0,0.0001408084939009991,0.0002547223147918423,3.7611030560273164,3.808091901848833,0.0,5
Raw shallow RA,SRS2822068,108.6,0.0001478242521194278,0.0002398716317458039,3.854298372942762,3.8933856411095684,0.0,5
Raw shallow RA,SRS2822077,104.0,9.499627772748413e-05,0.00018424554200963434,3.6072857051548297,3.6466206500179923,0.0,5
Raw shallow RA,SRS2822080,84.8,0.00015177318924838005,0.00024513825225394207,3.9272626518270286,3.955263493442893,0.0,5
Raw shallow RA,SRS2822089,96.4,0.0001612708746446104,0.0002542056191365995,3.9272882811235434,3.960938012854617,0.0,5
Raw shallow RA,SRS2822111,80.6,0.0001392083737638167,0.0002441809041577632,3.894786867506446,3.920690955156592,0.0,5
Raw shallow RA,SRS2822116,91.8,0.00010195986520167715,0.00018982297456340098,3.6710496309325285,3.7081144247406477,0.0,5
Raw shallow RA,SRS2822120,95.2,0.00016112082022358036,0.0002558667175393076,3.972244980015237,3.998184623923598,0.0,5
Raw shallow RA,SRS2822122,72.4,0.00020902150706683347,0.0003079208706804796,4.047973850619101,4.0834886606086505,0.0,5
Raw shallow RA,SRS2822125,97.0,0.00012103091780365694,0.00021218568240844918,3.8065439508328027,3.834999556147424,0.0,5
Raw shallow RA,SRS2822129,89.2,0.00018649410595174268,0.00031164894903711325,3.9870923100967297,4.018918385284782,0.0,5
Raw shallow RA,SRS2822133,85.8,0.00018731530163448466,0.000313584873794549,4.017451077015354,4.045287064539451,0.0,5
Raw shallow RA,SRS2822136,98.8,6.59691085336215e-05,0.0001217960473802235,3.561864950860575,3.5900058762798466,0.0,5
Raw shallow RA,SRS2822149,105.0,0.00014420544684301995,0.0002295904642193443,3.8676702991709897,3.9039318906424767,0.0,5
Raw shallow RA,SRS2822153,104.8,0.000158567640529118,0.0002525901728857068,3.9046507360802813,3.9421440310848355,0.0,5
Raw shallow RA,SRS2822168,107.2,0.00010418310561234527,0.00017673924378721072,3.72327125550636,3.7556696578208255,0.0,5
Raw shallow RA,SRS2822180,111.0,0.00010170220318516724,0.00020197307189315163,3.661563570420628,3.7004535205437024,0.0,5
Raw shallow RA,SRS2822183,105.0,0.00018268130244901643,0.00029381637535588046,4.009674468200398,4.038446718897433,0.0,5
Raw shallow RA,SRS2822185,100.2,0.00015420461934314704,0.0002712598519443776,3.886432738964922,3.923235434650232,0.0,5
Raw shallow RA,SRS2822218,91.4,0.00010274811843539509,0.00018267164646838588,3.68531334475026,3.7213059028321096,0.0,5
Raw shallow RA,SRS2822220,31.6,0.00015646906366371022,0.00029881592581462436,3.755120611879742,3.8025250756164297,0.0,5
Raw shallow RA,SRS2822230,81.0,0.00018201332546976387,0.00028937516477837457,3.999494271886983,4.026818527679015,0.0,5
Raw shallow RA,SRS2822236,94.0,0.00011380395021454406,0.00020823647556253146,3.7641402081940027,3.7941170263665533,0.0,5
Raw shallow RA,SRS2822240,78.4,8.824379233955339e-05,0.00014652425657854997,3.708356627476289,3.7331664002942055,0.0,5
Raw shallow RA,SRS2822243,37.2,0.0001795086783108818,0.00026959583554490797,3.9960543494654344,4.026789242414906,0.0,5
Raw shallow RA,SRS2822253,101.2,0.0001655808234857422,0.00030876946465158985,3.905362183644403,3.9401179702861358,0.0,5
Raw shallow RA,SRS2822256,89.4,0.00013294918884319105,0.0002298839655817451,3.864010446109634,3.8921175586733257,0.0,5
Raw shallow RA,SRS2822262,93.2,0.00011775832737170762,0.00021755835597677987,3.818748708863847,3.8444336201875644,0.0,5
Raw shallow RA,SRS2822268,89.8,0.00012381217546910761,0.00022273844909516171,3.7101626066620006,3.756237585280428,0.0,5
Raw shallow RA,SRS2822269,94.6,0.00012762610669063372,0.0002246084372811159,3.762189107148052,3.8020572253003664,0.0,5
Raw shallow RA,SRS2822275,51.6,0.0002086076481100033,0.00036276103393927545,3.8820374149985057,3.9362734198667964,0.0,5
Raw shallow RA,SRS2822279,108.0,0.00016516455386729614,0.00025557782565381316,3.9480166189651285,3.9819336280293234,0.0,5
Raw shallow RA,SRS2822280,79.4,0.0002075985991762651,0.0002993041623414225,4.092283726593257,4.120018693828375,0.0,5
Raw shallow RA,SRS2822298,64.8,0.0001606845378144508,0.00028900059254494267,3.931406434169022,3.9600644340857327,0.0,5
Training-mean RA,SRS2821816,104.6,0.0009693049611307177,0.0034812195041049863,0.8910542867692236,1.0887599725434483,1.0,5
Training-mean RA,SRS2821824,115.4,0.0006071575746986358,0.002193094822882885,0.5812428475415053,0.7439746269147129,1.0,5
Training-mean RA,SRS2821835,69.8,0.0013064527446636804,0.003245906672275889,0.9357004155542272,1.1294677464091378,1.0,5
Training-mean RA,SRS2821843,105.2,0.0004834059003474788,0.0010872026880511037,0.6557750350860008,0.8175181051571722,1.0,5
Training-mean RA,SRS2821844,44.6,0.0006895770836582344,0.001620603663349114,0.6421653644468301,0.8106532055912279,1.0,5
Training-mean RA,SRS2821854,27.0,0.0008978721285157996,0.0018065985048893653,0.5039941916915884,0.6217286023785957,1.0,5
Training-mean RA,SRS2821860,96.4,0.0004919074734944829,0.0015996420293505564,0.6226185259886803,0.7672445271363451,1.0,5
Training-mean RA,SRS2821870,111.4,0.00042897822895189233,0.0009441774958239262,0.6471369614872371,0.7922719904303318,1.0,5
Training-mean RA,SRS2821871,106.2,0.0004120698701304564,0.0009228007083698671,0.6179685736196818,0.7901885828467047,1.0,5
Training-mean RA,SRS2821875,81.6,0.0007533860098420293,0.00260385762703141,0.6517571315865208,0.8479157553400036,1.0,5
Training-mean RA,SRS2821881,58.2,0.0015984136312716117,0.00367163147550498,1.049148707606273,1.2632114071687701,1.0,5
Training-mean RA,SRS2821890,79.6,0.00035672964886351963,0.0007953611107807911,0.5166436651045558,0.6789964628908586,1.0,5
Training-mean RA,SRS2821892,84.0,0.000512520020893669,0.0011286631038574613,0.6014200253801982,0.7667678309261364,1.0,5
Training-mean RA,SRS2821893,35.6,0.0009323205783902319,0.0022059721230165727,0.8771410302634213,1.044050283922665,1.0,5
Training-mean RA,SRS2821894,76.6,0.0018957165131906935,0.006351583963583099,0.9921038605670912,1.2025755164363514,1.0,5
Training-mean RA,SRS2821901,108.4,0.0004511368660484995,0.0008758819539867052,0.740257431290936,0.8903316310106881,1.0,5
Training-mean RA,SRS2821905,104.2,0.0012580252535306132,0.0053899987300086594,0.8287727451140222,1.0434912783247472,1.0,5
Training-mean RA,SRS2821908,105.8,0.0009760796903716224,0.00398135183555665,0.8341099121796383,1.0573757285453684,1.0,5
Training-mean RA,SRS2821916,120.2,0.001433575215744658,0.005483271548647322,1.0297111552178735,1.2036133845031405,1.0,5
Training-mean RA,SRS2821919,83.8,0.0009743931755983801,0.0034836164292434413,0.7028504160174786,0.8731584665901171,1.0,5
Training-mean RA,SRS2821925,65.4,0.0026718442631391394,0.008162661135409206,1.0077454029861592,1.208507062634229,1.0,5
Training-mean RA,SRS2821928,70.4,0.0005750298422402413,0.001382589723861735,0.6042708951439935,0.8057339262062924,1.0,5
Training-mean RA,SRS2821931,93.6,0.0005784619255060202,0.0017821660231796903,0.5019451046903056,0.6810141785191808,1.0,5
Training-mean RA,SRS2821932,91.8,0.0007509318870017911,0.0039028073639700554,0.5472058211943753,0.7187117573849128,1.0,5
Training-mean RA,SRS2821946,45.8,0.0017504357163922804,0.003980883756676447,0.9630539341707435,1.139535689138364,1.0,5
Training-mean RA,SRS2821968,22.6,0.0017935978952645488,0.004435653759991286,0.9185358005043222,1.130268128176643,1.0,5
Training-mean RA,SRS2821969,88.8,0.0008358298769365261,0.002606687931960291,0.6886789538483236,0.8896261218351205,1.0,5
Training-mean RA,SRS2821970,96.6,0.000629111874809649,0.00238942427254723,0.600920022021602,0.8200009385517392,1.0,5
Training-mean RA,SRS2821972,104.2,0.0005643795582474071,0.0021031101119583927,0.6964832990936048,0.8676972993863549,1.0,5
Training-mean RA,SRS2821987,112.0,0.0010283839709997688,0.004173061311979391,0.8371625674073583,1.0134217628357411,1.0,5
Training-mean RA,SRS2821991,90.8,0.0005328639258474666,0.001276307524621172,0.6539917179737966,0.7977997555411355,1.0,5
Training-mean RA,SRS2822000,86.8,0.0005922566140613362,0.0024018806996555283,0.5902229504515581,0.7516115566727117,1.0,5
Training-mean RA,SRS2822019,91.6,0.0005400800930123976,0.0012871560076403586,0.6728665082430978,0.8804280114340507,1.0,5
Training-mean RA,SRS2822023,104.0,0.0006775257814975317,0.0015284474644521502,0.8938114342193115,1.0473722744272567,1.0,5
Training-mean RA,SRS2822025,95.2,0.0008372416146069028,0.001992431596175275,0.8615802040069559,1.026862452253809,1.0,5
Training-mean RA,SRS2822026,89.2,0.0012891783745253792,0.0035845236990363328,1.1414547568889393,1.337850262072877,1.0,5
Training-mean RA,SRS2822053,75.8,0.0016816213688052987,0.006212614998362327,0.9002242036963054,1.1304555285362354,1.0,5
Training-mean RA,SRS2822060,86.8,0.0014954304719973436,0.006147594433602589,0.7792491339759604,1.0063213633980337,1.0,5
Training-mean RA,SRS2822063,90.0,0.001489663935775955,0.005814481277883003,0.9332803825632577,1.1959741533041086,1.0,5
Training-mean RA,SRS2822068,108.6,0.0005176065431972885,0.0011687773041108387,0.7154687360219971,0.9365439046072984,1.0,5
Training-mean RA,SRS2822077,104.0,0.0011257106521608783,0.0030920025755038086,1.0708446025156968,1.2458516745773125,1.0,5
Training-mean RA,SRS2822080,84.8,0.0016358007584422302,0.006354153131417195,0.7388050593058603,0.9479901240287667,1.0,5
Training-mean RA,SRS2822089,96.4,0.0005608152889455761,0.002040889633745719,0.608151964817355,0.8011187896777446,1.0,5
Training-mean RA,SRS2822111,80.6,0.0013046525842939946,0.003948057498219165,0.8163862958527549,0.9781053224193142,1.0,5
Training-mean RA,SRS2822116,91.8,0.0016201518503154775,0.006427906739208691,0.9439212341618166,1.1258723996765068,1.0,5
Training-mean RA,SRS2822120,95.2,0.0006759021930150317,0.0024983799255840003,0.5838490679084183,0.7561229413034356,1.0,5
Training-mean RA,SRS2822122,72.4,0.000540043860937509,0.0014413947167637164,0.579218369096371,0.7292061963966833,1.0,5
Training-mean RA,SRS2822125,97.0,0.0011993858687869975,0.0036651835727071077,0.853116269774724,1.0552345559600773,1.0,5
Training-mean RA,SRS2822129,89.2,0.0006817688107582562,0.0023661549741421273,0.6142027127318158,0.8008611972228579,1.0,5
Training-mean RA,SRS2822133,85.8,0.0006204179828964232,0.0015959814953268702,0.6088655231870476,0.7853518055164224,1.0,5
Training-mean RA,SRS2822136,98.8,0.002112622342046174,0.007641673673190163,1.0919317486049507,1.2830896837941066,1.0,5
Training-mean RA,SRS2822149,105.0,0.0006878868033190304,0.002584836076309758,0.6814493879741562,0.8612921353749401,1.0,5
Training-mean RA,SRS2822153,104.8,0.0005448545977085625,0.0022046083780313227,0.6128424013880853,0.7860244369922623,1.0,5
Training-mean RA,SRS2822168,107.2,0.0005821677972963115,0.001100023096711093,0.8450027064273978,0.9944985200686405,1.0,5
Training-mean RA,SRS2822180,111.0,0.000531289644839906,0.0010211422894425598,0.8839676939613298,1.0430549379761194,1.0,5
Training-mean RA,SRS2822183,105.0,0.0003143637705007178,0.0006716355695330731,0.5214048197382619,0.6719887304014458,1.0,5
Training-mean RA,SRS2822185,100.2,0.0004682529788002161,0.001076131364892318,0.6687053619503298,0.8557723559069721,1.0,5
Training-mean RA,SRS2822218,91.4,0.001107213060211797,0.002955202982115949,0.9834388308127334,1.121156963946134,1.0,5
Training-mean RA,SRS2822220,31.6,0.0025028910877698493,0.007097553665277899,1.1920881799978649,1.4503131890816428,1.0,5
Training-mean RA,SRS2822230,81.0,0.0018537967052218065,0.006594519189010233,0.7728576019468161,0.9811735684149717,1.0,5
Training-mean RA,SRS2822236,94.0,0.0008791235199502437,0.0018498300858794535,0.9015993762038914,1.071834553014377,1.0,5
Training-mean RA,SRS2822240,78.4,0.0011236920509344176,0.0025554425172524434,0.9510602926995457,1.104300024343121,1.0,5
Training-mean RA,SRS2822243,37.2,0.0005623430928476776,0.001285528283462822,0.6121790237980955,0.7742612762067986,1.0,5
Training-mean RA,SRS2822253,101.2,0.0005497336991459502,0.001956382937208412,0.616113712720485,0.7832603152984678,1.0,5
Training-mean RA,SRS2822256,89.4,0.00042764623339190677,0.0008271420645817124,0.6614269454006237,0.8368252439435746,1.0,5
Training-mean RA,SRS2822262,93.2,0.0013127141906998034,0.005535323462888533,0.8417465394105657,0.9817297380379278,1.0,5
Training-mean RA,SRS2822268,89.8,0.0013893522162624385,0.004804833759842019,0.9328138159288628,1.12197604832035,1.0,5
Training-mean RA,SRS2822269,94.6,0.0017997384830295078,0.006459722927898837,0.9198852447467176,1.163109808414108,1.0,5
Training-mean RA,SRS2822275,51.6,0.000934938421108906,0.002073660551959583,0.8407077340951272,1.039963792198574,1.0,5
Training-mean RA,SRS2822279,108.0,0.00040291910993663706,0.0010781377388334856,0.580371690962293,0.7835826569726505,1.0,5
Training-mean RA,SRS2822280,79.4,0.0006141560906886124,0.0022138475691334636,0.49911266015256767,0.656353637330858,1.0,5
Training-mean RA,SRS2822298,64.8,0.0006713730858021207,0.0014990182464430383,0.685107009047561,0.8414787708123868,1.0,5
XGBoost,SRS2821816,104.6,0.0001165549230400779,0.0002173158847753994,1.6114562893034576,1.861534109034459,1.0,5
XGBoost,SRS2821824,115.4,0.00015565046909178193,0.0002443197177313585,1.2611176364280687,1.4673606915780022,1.0,5
XGBoost,SRS2821835,69.8,8.380471307263475e-05,0.00012714730581494241,1.445064072562523,1.6924510412722065,1.0,5
XGBoost,SRS2821843,105.2,0.00015162245363304922,0.00025975051881564165,1.3868449736797228,1.5708424718614293,1.0,5
XGBoost,SRS2821844,44.6,0.00021022825928237505,0.0003551718225991276,1.0295782565501543,1.268050825159293,1.0,5
XGBoost,SRS2821854,27.0,0.0003590367130501591,0.00044030852764139915,1.6379977413418707,1.8101604606784611,1.0,5
XGBoost,SRS2821860,96.4,0.00014091321412238047,0.0002290823580493097,1.5826733791239733,1.7491777224608858,1.0,5
XGBoost,SRS2821870,111.4,0.00011783543054309454,0.00020726851914542964,1.404724823537385,1.609262408480875,1.0,5
XGBoost,SRS2821871,106.2,0.00013873223344599281,0.00023926086385389319,1.469110916019788,1.652326533622522,1.0,5
XGBoost,SRS2821875,81.6,0.00016037286787749984,0.0002544875190663479,1.2159614313064995,1.4011474362215925,1.0,5
XGBoost,SRS2821881,58.2,8.233773008912721e-05,0.00014980204431661262,1.309373673275045,1.5613001900898913,1.0,5
XGBoost,SRS2821890,79.6,0.00016145334827709793,0.00024931471759697874,1.0610525526455081,1.333595532892357,1.0,5
XGBoost,SRS2821892,84.0,0.0001744789555612252,0.0002905755203902574,1.1362629350006976,1.4447013786612444,0.9974999999999999,5
XGBoost,SRS2821893,35.6,0.00018793734684268456,0.00032940512920893414,1.441421815776143,1.753371909357925,1.0,5
XGBoost,SRS2821894,76.6,8.192897685473135e-05,0.00014883063302047723,1.3960004188343391,1.6273409568672332,1.0,5
XGBoost,SRS2821901,108.4,0.00011810228387136019,0.00020747351818583103,1.5977496210830266,1.7753452598600414,1.0,5
XGBoost,SRS2821905,104.2,0.00011353302103648043,0.00021324211379918347,1.5198950543556644,1.7523857959409526,1.0,5
XGBoost,SRS2821908,105.8,0.00011176961873273105,0.0002024126723103821,1.6543715912083308,1.8821613329373803,1.0,5
XGBoost,SRS2821916,120.2,8.210451413047666e-05,0.00016669912098016702,1.5305369205598671,1.7225865386855048,1.0,5
XGBoost,SRS2821919,83.8,0.00015126353872795033,0.00025690439912066574,1.4594084285420013,1.613057984730085,1.0,5
XGBoost,SRS2821925,65.4,8.609373584730457e-05,0.0001529306399227213,1.5533817418672862,1.8597690769216335,0.9941176470588236,5
XGBoost,SRS2821928,70.4,0.00016798721522739128,0.000276242519810651,1.176394562901163,1.5224220370160129,1.0,5
XGBoost,SRS2821931,93.6,0.00016110635924575126,0.0002444189602465845,1.4350890043398121,1.6157880568647827,1.0,5
XGBoost,SRS2821932,91.8,0.00015882362063616043,0.00026277856588724995,1.223173430903166,1.4155330106624966,1.0,5
XGBoost,SRS2821946,45.8,0.0001312826557397001,0.00025822056593241896,1.296615556296348,1.5597103278226896,1.0,5
XGBoost,SRS2821968,22.6,0.00018019950557785324,0.000295104111612233,2.1380271533926742,2.4893051925772314,1.0,5
XGBoost,SRS2821969,88.8,0.00016588237306466676,0.0002626827836928679,1.6785138629667042,1.9643786371751801,1.0,5
XGBoost,SRS2821970,96.6,0.00013732566043361436,0.00021992360186881937,0.9106157111667132,1.151709380240865,1.0,5
XGBoost,SRS2821972,104.2,0.00012897378793276482,0.00023491330607168067,1.092711291394091,1.3170953333114774,1.0,5
XGBoost,SRS2821987,112.0,0.0001083523749757359,0.00020598319207802565,1.600304469028007,1.7607296650991437,1.0,5
XGBoost,SRS2821991,90.8,0.00015520190804793767,0.00025099631441485436,1.451242216321941,1.6211212021899848,1.0,5
XGBoost,SRS2822000,86.8,0.000140501176712773,0.0002255864968888388,1.0536893425609712,1.256916434347478,1.0,5
XGBoost,SRS2822019,91.6,0.00013273968474228942,0.00020644999972306175,1.5530406720384609,1.744768286266358,1.0,5
XGBoost,SRS2822023,104.0,9.325745451134774e-05,0.0001739824277625774,1.4356214824771598,1.5957281966338708,1.0,5
XGBoost,SRS2822025,95.2,0.0001115500606250775,0.00022524500937190001,1.5268366156118798,1.707768032283702,1.0,5
XGBoost,SRS2822026,89.2,7.338661823247034e-05,0.00015815536469921995,1.4006079514720293,1.6057415379216244,1.0,5
XGBoost,SRS2822053,75.8,0.00013709746609900394,0.00025033544396684665,1.4982778521123978,1.679095131234941,1.0,5
XGBoost,SRS2822060,86.8,0.00014016708534270267,0.00024969285352219306,1.432322963840508,1.6763080816558584,1.0,5
XGBoost,SRS2822063,90.0,0.000131421957548192,0.0002490846687577788,1.4315943903389374,1.7007318783911116,1.0,5
XGBoost,SRS2822068,108.6,0.00013520390473097972,0.00022088891092068977,1.4375601748227207,1.6076503852966542,1.0,5
XGBoost,SRS2822077,104.0,8.278452601698405e-05,0.00016568333319871812,1.4090987094146643,1.6072101344510252,1.0,5
XGBoost,SRS2822080,84.8,0.00014330441528065928,0.00023679245530092754,1.4709249997091436,1.747684273699337,1.0,5
XGBoost,SRS2822089,96.4,0.0001246431393121244,0.0002165605487943094,0.9247607314789319,1.1594380306595764,1.0,5
XGBoost,SRS2822111,80.6,0.000127514150329445,0.0002337852473144392,1.6658827116892063,1.9068258845891357,1.0,5
XGBoost,SRS2822116,91.8,9.24856686195583e-05,0.00017735907586350665,1.4165819684698369,1.6441683337211614,1.0,5
XGBoost,SRS2822120,95.2,0.00013385579309656086,0.00021646037347786032,1.1100571888334154,1.3118670909399157,1.0,5
XGBoost,SRS2822122,72.4,0.00019572438624575723,0.00029224131438129405,1.4557321849285745,1.6192683269428165,1.0,5
XGBoost,SRS2822125,97.0,0.00011362937551392545,0.00020506450643802788,1.5903881391319827,1.8390333253683298,1.0,5
XGBoost,SRS2822129,89.2,0.000153683067173864,0.00026519531201961536,1.1357092886223563,1.4317113172977838,1.0,5
XGBoost,SRS2822133,85.8,0.00015647015367119914,0.0002783592160918739,1.078725916052567,1.4271961442712366,1.0,5
XGBoost,SRS2822136,98.8,5.7166727677365746e-05,0.00010660064830658758,1.6718771400180383,1.9214383616943387,1.0,5
XGBoost,SRS2822149,105.0,0.00013078817578883372,0.0002105522641950057,1.4161146048450348,1.625049279805366,1.0,5
XGBoost,SRS2822153,104.8,0.00012648001774864158,0.00020651341451118606,1.075756897573004,1.3101434675700396,1.0,5
XGBoost,SRS2822168,107.2,9.704323439292071e-05,0.00016636642216915493,1.5206109228310727,1.7140153130744558,1.0,5
XGBoost,SRS2822180,111.0,9.57930465684088e-05,0.00019324622362311875,1.622012958902444,1.8252712562023448,1.0,5
XGBoost,SRS2822183,105.0,0.00014853748952249496,0.0002469269114919304,1.187814144670522,1.4376901386221368,0.9980952380952381,5
XGBoost,SRS2822185,100.2,0.0001246219603577163,0.00023472654116478889,1.074004879598538,1.3378606280000696,1.0,5
XGBoost,SRS2822218,91.4,8.794920580583327e-05,0.000159803356062423,1.5234197393590914,1.7409727416483718,1.0,5
XGBoost,SRS2822220,31.6,0.00018721307395850855,0.0003112417724251,1.682774646938664,2.155749223484837,1.0,5
XGBoost,SRS2822230,81.0,0.00016241368041599086,0.00026858801602356485,1.4597828853157062,1.7958017154060766,1.0,5
XGBoost,SRS2822236,94.0,9.774805252431672e-05,0.0001857412489737782,1.5679347127376382,1.8166125033569975,1.0,5
XGBoost,SRS2822240,78.4,7.119189234852549e-05,0.00011443569643805447,1.4931578168767434,1.7071879134175627,1.0,5
XGBoost,SRS2822243,37.2,0.00017206126639985751,0.0002637538896472538,1.7056055904480012,1.9912987413075212,1.0,5
XGBoost,SRS2822253,101.2,0.00014790743505991408,0.0002804105081787036,1.3046337903154503,1.497514587824407,1.0,5
XGBoost,SRS2822256,89.4,0.00012564004226992963,0.0002218744850961091,1.598739863604861,1.7634727606841174,1.0,5
XGBoost,SRS2822262,93.2,0.00010609410759438625,0.00020096243456714326,1.5143523180124265,1.724029833202487,1.0,5
XGBoost,SRS2822268,89.8,0.00011292208877202735,0.00020820675996789683,1.419986841229082,1.6832971663549767,1.0,5
XGBoost,SRS2822269,94.6,0.00011612141929718865,0.00021223818225207954,1.4286692779009191,1.6738763185525118,1.0,5
XGBoost,SRS2822275,51.6,0.00019471618998962066,0.00034585763233721995,1.5742084292444753,1.8405201582395438,1.0,5
XGBoost,SRS2822279,108.0,0.0001360452909422487,0.00020908421966141485,1.1922031653239111,1.4255736907470333,1.0,5
XGBoost,SRS2822280,79.4,0.0001776618761910053,0.0002680640729084965,1.213821241180478,1.4414422123015151,1.0,5
XGBoost,SRS2822298,64.8,0.00015157542585944256,0.0002769863614338667,1.5382816243325603,1.7453596662083324,1.0,5
