depth,method,metric,n_samples,mean,std,median,q25,q75
500,Random Forest,composition_RMSE_RA,72,0.0025868021104329,0.0003193868595932,0.002547103867017,0.0023748948904387,0.0028078935599731
500,Random Forest,composition_Spearman,72,0.7940726751019475,0.0701039769153111,0.8074171323032794,0.7560218390876214,0.8485233692895049
500,Random Forest,Bray_Curtis,72,0.0971442983961224,0.0151403055287111,0.0958302435345547,0.0892030470698865,0.1045441032884258
500,Random Forest,Jensen_Shannon_distance,72,0.1510216100877871,0.0223050381790442,0.1526606885580189,0.1446441815649392,0.1645927790524261
500,Random Forest,RAD_MAE_log10_RA_specific,72,0.8079357418225653,0.1600054891690442,0.790992826146939,0.7082966390118554,0.844817883427153
500,Random Forest,RAD_RMSE_log10_RA_specific,72,0.997023334494361,0.2185502233119586,0.9555015704071989,0.8698182552911731,1.007915691381197
500,Random Forest,RAD_head_MAE_log10,72,0.0487773360481316,0.0076488124971053,0.0481444587365944,0.0449826660309729,0.0520841935502902
500,Random Forest,RAD_middle_MAE_log10,72,0.5559231732429448,0.1726259441053531,0.5742544926065566,0.437734807267748,0.6477051859547688
500,Random Forest,RAD_tail_MAE_log10,72,1.1118608764142537,0.2558221921926482,1.0772739274476788,1.014953111445543,1.171352753027568
500,Random Forest,Shannon_absolute_error,72,0.1627090598112735,0.0482178958474131,0.166939332837207,0.1331378094389698,0.1958224877656848
500,Random Forest,Simpson_absolute_error,72,0.0095626549386821,0.0044161851943769,0.0087225907733127,0.0068121101301367,0.0109847902804073
500,Random Forest,true_richness_1read,72,37.333333333333336,7.854307152452749,36.0,31.75,44.0
500,Random Forest,predicted_richness_1read,72,34.047222222222224,6.81502011864436,34.0,28.0,39.8
500,Random Forest,richness_1read_absolute_error,72,3.830555555555556,1.9583435720439568,3.5,2.2,4.85
500,Random Forest,true_richness_fixed,72,114.45833333333331,29.351170286431486,116.0,89.0,139.25
500,Random Forest,predicted_richness_fixed,72,73.6277777777778,15.768012032050189,70.5,59.1,89.1
500,Random Forest,richness_fixed_absolute_error,72,41.00277777777778,17.68231369270963,45.4,29.05,54.35
500,Raw shallow RA,composition_RMSE_RA,72,0.0025814553629638,0.000273564152064,0.0025818866312486,0.0024207096573119,0.0027416958516359
500,Raw shallow RA,composition_Spearman,72,0.6702512717580505,0.0465926371268352,0.6718417253482862,0.641915635247923,0.6962254999186747
500,Raw shallow RA,Bray_Curtis,72,0.112439173599478,0.0179420558586323,0.1109615068634792,0.0992024675000949,0.1318865256832746
500,Raw shallow RA,Jensen_Shannon_distance,72,0.1922347815844449,0.0238495994384514,0.1953755077490716,0.1718781301209055,0.2128011926269175
500,Raw shallow RA,RAD_MAE_log10_RA_specific,72,1.8904554682375572,0.431755740906645,2.000693724874308,1.7394364069384776,2.1789329661157444
500,Raw shallow RA,RAD_RMSE_log10_RA_specific,72,2.7436251196631836,0.3490762912976269,2.817081983293832,2.5939749441136692,2.975839173994641
500,Raw shallow RA,RAD_head_MAE_log10,72,0.0485440269838742,0.0072677152417032,0.0475289531618327,0.0443682885587335,0.0521227830381067
500,Raw shallow RA,RAD_middle_MAE_log10,72,2.7831413585174207,0.35664974803798,2.8342467292708147,2.579993795620483,3.053175890669044
500,Raw shallow RA,RAD_tail_MAE_log10,72,1.277688989846955,0.8218198208285932,1.3327628638268063,0.605160656436417,1.9409331697660537
500,Raw shallow RA,Shannon_absolute_error,72,0.1036380172061957,0.0311963048581689,0.0982494448260846,0.0844874917130201,0.1194628730447556
500,Raw shallow RA,Simpson_absolute_error,72,0.0059786900221661,0.0043196286490521,0.0045433090284712,0.0034544069318954,0.0070387980312376
500,Raw shallow RA,true_richness_1read,72,37.333333333333336,7.854307152452749,36.0,31.75,44.0
500,Raw shallow RA,predicted_richness_1read,72,51.916666666666664,10.853012822435236,52.7,43.9,62.2
500,Raw shallow RA,richness_1read_absolute_error,72,14.583333333333334,4.920981237317225,15.0,10.6,17.85
500,Raw shallow RA,true_richness_fixed,72,114.45833333333331,29.351170286431486,116.0,89.0,139.25
500,Raw shallow RA,predicted_richness_fixed,72,51.916666666666664,10.853012822435236,52.7,43.9,62.2
500,Raw shallow RA,richness_fixed_absolute_error,72,62.541666666666664,19.891435980142628,64.4,46.25,78.64999999999999
500,Training-mean RA,composition_RMSE_RA,72,0.0132603616478729,0.0047588661517308,0.0119728497107974,0.0101612362022873,0.0146207513978813
500,Training-mean RA,composition_Spearman,72,0.5854992486605802,0.060413080359585,0.5861618683916767,0.5581597451093464,0.6275087137141178
500,Training-mean RA,Bray_Curtis,72,0.3985704493983644,0.0752000783603454,0.394419813052308,0.3449927030817201,0.4443466183333281
500,Training-mean RA,Jensen_Shannon_distance,72,0.4520867246319424,0.0683620382015574,0.4437101515592175,0.4060989644010537,0.4905584083602715
500,Training-mean RA,RAD_MAE_log10_RA_specific,72,1.676069943689311,0.5780819799243232,1.5933264092053212,1.1912096489068889,2.1031929667152953
500,Training-mean RA,RAD_RMSE_log10_RA_specific,72,2.362900486697379,0.4968703103739382,2.3022467052505853,2.003418062500307,2.702143840952833
500,Training-mean RA,RAD_head_MAE_log10,72,0.1313359050326663,0.0592514653044852,0.1157450520646542,0.0880469770040334,0.1635276797224803
500,Training-mean RA,RAD_middle_MAE_log10,72,0.496733399461611,0.4361548079056671,0.3869986086594872,0.1617632970235314,0.6770339736322222
500,Training-mean RA,RAD_tail_MAE_log10,72,2.8928093810475333,0.8218198208285933,2.8377355070676815,2.229565201128435,3.5653377144580713
500,Training-mean RA,Shannon_absolute_error,72,0.6293028636520913,0.345555313260703,0.595645211758389,0.3096174701163373,0.8879533787390586
500,Training-mean RA,Simpson_absolute_error,72,0.0528806130395713,0.0488461340846419,0.0386931780953472,0.0135590346820739,0.071304138249794
500,Training-mean RA,true_richness_1read,72,37.333333333333336,7.854307152452749,36.0,31.75,44.0
500,Training-mean RA,predicted_richness_1read,72,55.0,0.0,55.0,55.0,55.0
500,Training-mean RA,richness_1read_absolute_error,72,17.666666666666668,7.854307152452749,19.0,11.0,23.25
500,Training-mean RA,true_richness_fixed,72,114.45833333333331,29.351170286431486,116.0,89.0,139.25
500,Training-mean RA,predicted_richness_fixed,72,231.0,0.0,231.0,231.0,231.0
500,Training-mean RA,richness_fixed_absolute_error,72,116.54166666666669,29.351170286431486,115.0,91.75,142.0
500,XGBoost,composition_RMSE_RA,72,0.0025728736017791,0.0003206301374561,0.0025412421275847,0.0023929136022343,0.0027744588196056
500,XGBoost,composition_Spearman,72,0.7980672291791904,0.0683862287139069,0.8113820511548071,0.7624102689945265,0.8505944178263871
500,XGBoost,Bray_Curtis,72,0.0984400591906167,0.0155743387570059,0.0973352596205788,0.0899386868385909,0.1078552133528085
500,XGBoost,Jensen_Shannon_distance,72,0.15271451128583,0.020879485872477,0.1556448513790703,0.1457276584200663,0.164776735649452
500,XGBoost,RAD_MAE_log10_RA_specific,72,0.8322406132186412,0.158793873366079,0.8214328182419426,0.7318837143021538,0.8578423614020292
500,XGBoost,RAD_RMSE_log10_RA_specific,72,1.0136641813724172,0.2172533180070367,0.9707083968085402,0.8949133372454443,1.024157329685168
500,XGBoost,RAD_head_MAE_log10,72,0.0495089571213136,0.0090554492644839,0.0482711620433634,0.0448576763004902,0.0527982884402566
500,XGBoost,RAD_middle_MAE_log10,72,0.5830279624894111,0.1709379904099869,0.5955726598489703,0.4552270537038477,0.6772103587969257
500,XGBoost,RAD_tail_MAE_log10,72,1.1360654455997234,0.2538559704054437,1.0957958326423785,1.032985207300026,1.191017668591232
500,XGBoost,Shannon_absolute_error,72,0.1643841124683808,0.0466284221424477,0.1690264797461075,0.1293577139952649,0.1967963512062711
500,XGBoost,Simpson_absolute_error,72,0.009149925493642,0.0041665369163219,0.0086584246744075,0.0064204111625463,0.010482024757581
500,XGBoost,true_richness_1read,72,37.333333333333336,7.854307152452749,36.0,31.75,44.0
500,XGBoost,predicted_richness_1read,72,33.76111111111111,6.541795324831516,33.599999999999994,28.2,40.0
500,XGBoost,richness_1read_absolute_error,72,4.105555555555556,2.1571948979765425,3.8,2.4,5.0
500,XGBoost,true_richness_fixed,72,114.45833333333331,29.351170286431486,116.0,89.0,139.25
500,XGBoost,predicted_richness_fixed,72,71.34444444444445,15.580241088091908,67.6,57.35,85.25
500,XGBoost,richness_fixed_absolute_error,72,43.16388888888888,17.957895243177727,47.599999999999994,29.95,56.8
1000,Random Forest,composition_RMSE_RA,72,0.0019123275900667,0.0002238241855319,0.0018921762943794,0.0017522755429974,0.0020921893546134
1000,Random Forest,composition_Spearman,72,0.8166939584645887,0.0635130982026115,0.8271796162073366,0.7860508173841304,0.8655459200584055
1000,Random Forest,Bray_Curtis,72,0.0746463306231723,0.0121591536557757,0.0742431915520971,0.0683603947426804,0.0831577688922963
1000,Random Forest,Jensen_Shannon_distance,72,0.1228477152621491,0.0168233612243014,0.125971285240681,0.1162381019830474,0.1336194835814037
1000,Random Forest,RAD_MAE_log10_RA_specific,72,0.7484106316777424,0.1391736238724361,0.7302257481510122,0.6426089735487882,0.8055234182311972
1000,Random Forest,RAD_RMSE_log10_RA_specific,72,0.9531613107319004,0.1924023577573114,0.9143323557832967,0.825084228720925,0.9823090018514642
1000,Random Forest,RAD_head_MAE_log10,72,0.0389175797058335,0.0059010826779074,0.0385738009928837,0.0346408769448372,0.043695816734542
1000,Random Forest,RAD_middle_MAE_log10,72,0.4869449050620292,0.2076295946925313,0.5299693035460695,0.2956721368316753,0.6133127202222579
1000,Random Forest,RAD_tail_MAE_log10,72,1.0557374230936962,0.2292501896642017,1.0444674688216633,0.9653196167687514,1.1413940132653375
1000,Random Forest,Shannon_absolute_error,72,0.1213621405498402,0.034448091093215,0.129937995195915,0.1023941654598626,0.1436842797940368
1000,Random Forest,Simpson_absolute_error,72,0.006999454247754,0.0038131471450779,0.0059101066513343,0.004531794134598,0.0081662642461113
1000,Random Forest,true_richness_1read,72,50.30555555555556,11.138865961051804,50.5,42.0,60.25
1000,Random Forest,predicted_richness_1read,72,45.5638888888889,9.296270728215111,46.8,37.55,54.15
1000,Random Forest,richness_1read_absolute_error,72,5.047222222222222,2.886880094897625,4.2,2.95,6.4
1000,Random Forest,true_richness_fixed,72,114.45833333333331,29.351170286431486,116.0,89.0,139.25
1000,Random Forest,predicted_richness_fixed,72,79.71111111111111,18.870019111894273,75.5,63.5,98.4
1000,Random Forest,richness_fixed_absolute_error,72,34.88611111111111,14.251338514408715,37.3,24.4,45.6
1000,Raw shallow RA,composition_RMSE_RA,72,0.0018500036626508,0.0001803441938425,0.0018545970498474,0.0017224376847972,0.0019423493159337
1000,Raw shallow RA,composition_Spearman,72,0.7350625100803101,0.0486348803741157,0.7376871095082576,0.7047442221489073,0.7637533339699556
1000,Raw shallow RA,Bray_Curtis,72,0.0821113731001896,0.013078905458112,0.0830572920384982,0.0705665241177098,0.0918570053042207
1000,Raw shallow RA,Jensen_Shannon_distance,72,0.1497739648891835,0.0177383821863021,0.1519571472652855,0.1359613972140857,0.1633028061250623
1000,Raw shallow RA,RAD_MAE_log10_RA_specific,72,1.6124800259762715,0.3813355640352612,1.6906433939739598,1.5173017651228506,1.8625352535394424
1000,Raw shallow RA,RAD_RMSE_log10_RA_specific,72,2.4871456383781174,0.3307039478954389,2.581821086756772,2.39128215520778,2.688455709472398
1000,Raw shallow RA,RAD_head_MAE_log10,72,0.0382771326838686,0.0051717667247689,0.0378480332936543,0.0342899981944232,0.0414364846049858
1000,Raw shallow RA,RAD_middle_MAE_log10,72,2.164963352302801,0.4285218605532659,2.1973810040409587,1.7938814898969446,2.5213233954521925
1000,Raw shallow RA,RAD_tail_MAE_log10,72,1.277688989846955,0.8218198208285932,1.3327628638268063,0.605160656436417,1.9409331697660537
1000,Raw shallow RA,Shannon_absolute_error,72,0.0637083421094978,0.019882647092879,0.0631155608709904,0.0496407126860728,0.0762784821203603
1000,Raw shallow RA,Simpson_absolute_error,72,0.0044536932074884,0.0029133903160928,0.0032771109954589,0.0024148453927808,0.0056203158265487
1000,Raw shallow RA,true_richness_1read,72,50.30555555555556,11.138865961051804,50.5,42.0,60.25
1000,Raw shallow RA,predicted_richness_1read,72,66.6222222222222,14.647080391882191,68.0,55.25,81.45
1000,Raw shallow RA,richness_1read_absolute_error,72,16.333333333333332,5.674256171393001,16.8,12.4,20.85
1000,Raw shallow RA,true_richness_fixed,72,114.45833333333331,29.351170286431486,116.0,89.0,139.25
1000,Raw shallow RA,predicted_richness_fixed,72,66.6222222222222,14.647080391882191,68.0,55.25,81.45
1000,Raw shallow RA,richness_fixed_absolute_error,72,47.83611111111112,16.137030335344186,48.9,35.050000000000004,59.75
1000,Training-mean RA,composition_RMSE_RA,72,0.0132603616478729,0.0047588661517308,0.0119728497107974,0.0101612362022873,0.0146207513978813
1000,Training-mean RA,composition_Spearman,72,0.5854992486605802,0.060413080359585,0.5861618683916767,0.5581597451093464,0.6275087137141178
1000,Training-mean RA,Bray_Curtis,72,0.3985704493983644,0.0752000783603454,0.394419813052308,0.3449927030817201,0.4443466183333281
1000,Training-mean RA,Jensen_Shannon_distance,72,0.4520867246319424,0.0683620382015574,0.4437101515592175,0.4060989644010537,0.4905584083602715
1000,Training-mean RA,RAD_MAE_log10_RA_specific,72,1.676069943689311,0.5780819799243232,1.5933264092053212,1.1912096489068889,2.1031929667152953
1000,Training-mean RA,RAD_RMSE_log10_RA_specific,72,2.362900486697379,0.4968703103739382,2.3022467052505853,2.003418062500307,2.702143840952833
1000,Training-mean RA,RAD_head_MAE_log10,72,0.1313359050326663,0.0592514653044852,0.1157450520646542,0.0880469770040334,0.1635276797224803
1000,Training-mean RA,RAD_middle_MAE_log10,72,0.496733399461611,0.4361548079056671,0.3869986086594872,0.1617632970235314,0.6770339736322222
1000,Training-mean RA,RAD_tail_MAE_log10,72,2.8928093810475333,0.8218198208285933,2.8377355070676815,2.229565201128435,3.5653377144580713
1000,Training-mean RA,Shannon_absolute_error,72,0.6293028636520913,0.345555313260703,0.595645211758389,0.3096174701163373,0.8879533787390586
1000,Training-mean RA,Simpson_absolute_error,72,0.0528806130395713,0.0488461340846419,0.0386931780953472,0.0135590346820739,0.071304138249794
1000,Training-mean RA,true_richness_1read,72,50.30555555555556,11.138865961051804,50.5,42.0,60.25
1000,Training-mean RA,predicted_richness_1read,72,67.0,0.0,67.0,67.0,67.0
1000,Training-mean RA,richness_1read_absolute_error,72,17.055555555555557,10.569540196654776,16.5,6.75,25.0
1000,Training-mean RA,true_richness_fixed,72,114.45833333333331,29.351170286431486,116.0,89.0,139.25
1000,Training-mean RA,predicted_richness_fixed,72,231.0,0.0,231.0,231.0,231.0
1000,Training-mean RA,richness_fixed_absolute_error,72,116.54166666666669,29.351170286431486,115.0,91.75,142.0
1000,XGBoost,composition_RMSE_RA,72,0.0023087645774469,0.0009041567165666,0.0020243225168176,0.0017735645232966,0.0022846975605782
1000,XGBoost,composition_Spearman,72,0.8215172732346551,0.0613612713156866,0.8319041247554653,0.7918280576539177,0.8695899389209
1000,XGBoost,Bray_Curtis,72,0.0808228865684428,0.0150739716351013,0.0791466804087572,0.0733356782266536,0.0877939965943694
1000,XGBoost,Jensen_Shannon_distance,72,0.1263673784475342,0.0160455536544581,0.1290041564541469,0.1195793230375139,0.134998793329464
1000,XGBoost,RAD_MAE_log10_RA_specific,72,0.7752074145310298,0.1408948827020697,0.7596024824843974,0.671235691759075,0.8232518825860874
1000,XGBoost,RAD_RMSE_log10_RA_specific,72,0.9700925346132642,0.1908004642813693,0.9324313028521,0.8531698936907266,1.010080255174119
1000,XGBoost,RAD_head_MAE_log10,72,0.0419281010286059,0.0107769926489127,0.039269564662936,0.0352709655330776,0.0450346693068723
1000,XGBoost,RAD_middle_MAE_log10,72,0.5164534720699615,0.2099470999587341,0.5657943521198723,0.3180203592305951,0.6422435288281099
1000,XGBoost,RAD_tail_MAE_log10,72,1.08253482016956,0.2263542913658826,1.0710247295869415,0.989441434948743,1.1623981095816722
1000,XGBoost,Shannon_absolute_error,72,0.1344570568968181,0.0468300829463427,0.1318975040557825,0.1019296086601117,0.1611009081045368
1000,XGBoost,Simpson_absolute_error,72,0.0116658261621279,0.0130660441741636,0.0061881872913835,0.0046644682367605,0.0114288526814791
1000,XGBoost,true_richness_1read,72,50.30555555555556,11.138865961051804,50.5,42.0,60.25
1000,XGBoost,predicted_richness_1read,72,45.230555555555554,8.956713413968803,46.1,37.55,53.849999999999994
1000,XGBoost,richness_1read_absolute_error,72,5.324999999999999,3.2690503423540407,4.5,2.75,6.8
1000,XGBoost,true_richness_fixed,72,114.45833333333331,29.351170286431486,116.0,89.0,139.25
1000,XGBoost,predicted_richness_fixed,72,77.48333333333332,18.30076578094518,72.7,62.150000000000006,95.05
1000,XGBoost,richness_fixed_absolute_error,72,36.99722222222222,14.501461531220604,40.400000000000006,25.85,47.3
2000,Random Forest,composition_RMSE_RA,72,0.0013493234070534,0.000146242434686,0.0013688585290565,0.0012421914101812,0.001457239806945
2000,Random Forest,composition_Spearman,72,0.8436270071880553,0.0497156354468371,0.8510878823963928,0.8119651147006681,0.8842105027970997
2000,Random Forest,Bray_Curtis,72,0.0554423986461167,0.0079336276445074,0.0558343996784563,0.0503425692656879,0.0607926527817285
2000,Random Forest,Jensen_Shannon_distance,72,0.0982769350545654,0.0116235363103998,0.0997509678245961,0.0935149331806988,0.1053347242157643
2000,Random Forest,RAD_MAE_log10_RA_specific,72,0.6876242374051381,0.1191685357139856,0.6968672292094236,0.5994432220719753,0.7574856129809889
2000,Random Forest,RAD_RMSE_log10_RA_specific,72,0.908612857738275,0.1538378996382195,0.8930195486316127,0.8136428738038997,0.9675668533277784
2000,Random Forest,RAD_head_MAE_log10,72,0.0302811507917306,0.0046735947870528,0.0296746361360548,0.0273245781492958,0.0334379196806509
2000,Random Forest,RAD_middle_MAE_log10,72,0.4081722827485424,0.2230760308822757,0.4360285673789836,0.186445006900824,0.5639453030414932
2000,Random Forest,RAD_tail_MAE_log10,72,1.005757961474636,0.1929510219419848,1.010621981199323,0.9207355098350762,1.1025530316790124
2000,Random Forest,Shannon_absolute_error,72,0.0848020512099507,0.0262344925543545,0.086242755863823,0.0723329066362448,0.1024106045975574
2000,Random Forest,Simpson_absolute_error,72,0.0045646602601008,0.0026742984677357,0.0041805136666677,0.0027908139103094,0.0052404936390051
2000,Random Forest,true_richness_1read,72,67.01388888888889,15.985462634827066,66.0,55.0,82.25
2000,Random Forest,predicted_richness_1read,72,60.736111111111114,13.32568530653823,61.0,48.8,73.0
2000,Random Forest,richness_1read_absolute_error,72,6.611111111111111,3.2960734452518685,6.8,4.2,8.850000000000001
2000,Random Forest,true_richness_fixed,72,114.45833333333331,29.351170286431486,116.0,89.0,139.25
2000,Random Forest,predicted_richness_fixed,72,89.325,22.13987384978756,86.5,69.75,108.4
2000,Random Forest,richness_fixed_absolute_error,72,25.255555555555556,9.497232938589422,26.8,19.35,32.6
2000,Raw shallow RA,composition_RMSE_RA,72,0.0012882266945796,0.0001130770372949,0.0012876775191157,0.001205645254734,0.0013452631218526
2000,Raw shallow RA,composition_Spearman,72,0.7969949877288368,0.0454481804168851,0.796737403707623,0.7711484284574514,0.8260062216358376
2000,Raw shallow RA,Bray_Curtis,72,0.0589374216783262,0.0091129535827242,0.0587711207285659,0.0519852281521716,0.0669106125234436
2000,Raw shallow RA,Jensen_Shannon_distance,72,0.1143838626298876,0.0139970202578787,0.1152895260397412,0.1028702870767057,0.1268175996525109
2000,Raw shallow RA,RAD_MAE_log10_RA_specific,72,1.3147496496374549,0.3225739376834451,1.3732301600866188,1.2424337322828647,1.5276180443580591
2000,Raw shallow RA,RAD_RMSE_log10_RA_specific,72,2.197334079769934,0.3109334225523061,2.2824939441511853,2.12128363636052,2.392277490588009
2000,Raw shallow RA,RAD_head_MAE_log10,72,0.0292651021043313,0.004071985166646,0.0288996744220214,0.0262633744642024,0.0324443818224739
2000,Raw shallow RA,RAD_middle_MAE_log10,72,1.502626868157841,0.5500886543659087,1.490540490129717,1.0190951081177708,2.0209088630340033
2000,Raw shallow RA,RAD_tail_MAE_log10,72,1.277688989846955,0.8218198208285932,1.3327628638268063,0.605160656436417,1.9409331697660537
2000,Raw shallow RA,Shannon_absolute_error,72,0.0401191626511165,0.0133996999695303,0.0376858973561347,0.0323072192035108,0.0467350474364592
2000,Raw shallow RA,Simpson_absolute_error,72,0.0027184535071423,0.0015478761514402,0.00231967766998,0.0017916997268998,0.0031876016629862
2000,Raw shallow RA,true_richness_1read,72,67.01388888888889,15.985462634827066,66.0,55.0,82.25
2000,Raw shallow RA,predicted_richness_1read,72,83.30277777777778,18.91963710623467,84.1,68.25,98.9
2000,Raw shallow RA,richness_1read_absolute_error,72,16.355555555555554,5.970653322330954,17.9,11.95,20.65
2000,Raw shallow RA,true_richness_fixed,72,114.45833333333331,29.351170286431486,116.0,89.0,139.25
2000,Raw shallow RA,predicted_richness_fixed,72,83.30277777777778,18.91963710623467,84.1,68.25,98.9
2000,Raw shallow RA,richness_fixed_absolute_error,72,31.15555555555555,11.506334922510415,31.5,20.55,39.2
2000,Training-mean RA,composition_RMSE_RA,72,0.0132603616478729,0.0047588661517308,0.0119728497107974,0.0101612362022873,0.0146207513978813
2000,Training-mean RA,composition_Spearman,72,0.5854992486605802,0.060413080359585,0.5861618683916767,0.5581597451093464,0.6275087137141178
2000,Training-mean RA,Bray_Curtis,72,0.3985704493983644,0.0752000783603454,0.394419813052308,0.3449927030817201,0.4443466183333281
2000,Training-mean RA,Jensen_Shannon_distance,72,0.4520867246319424,0.0683620382015574,0.4437101515592175,0.4060989644010537,0.4905584083602715
2000,Training-mean RA,RAD_MAE_log10_RA_specific,72,1.676069943689311,0.5780819799243232,1.5933264092053212,1.1912096489068889,2.1031929667152953
2000,Training-mean RA,RAD_RMSE_log10_RA_specific,72,2.362900486697379,0.4968703103739382,2.3022467052505853,2.003418062500307,2.702143840952833
2000,Training-mean RA,RAD_head_MAE_log10,72,0.1313359050326663,0.0592514653044852,0.1157450520646542,0.0880469770040334,0.1635276797224803
2000,Training-mean RA,RAD_middle_MAE_log10,72,0.496733399461611,0.4361548079056671,0.3869986086594872,0.1617632970235314,0.6770339736322222
2000,Training-mean RA,RAD_tail_MAE_log10,72,2.8928093810475333,0.8218198208285933,2.8377355070676815,2.229565201128435,3.5653377144580713
2000,Training-mean RA,Shannon_absolute_error,72,0.6293028636520913,0.345555313260703,0.595645211758389,0.3096174701163373,0.8879533787390586
2000,Training-mean RA,Simpson_absolute_error,72,0.0528806130395713,0.0488461340846419,0.0386931780953472,0.0135590346820739,0.071304138249794
2000,Training-mean RA,true_richness_1read,72,67.01388888888889,15.985462634827066,66.0,55.0,82.25
2000,Training-mean RA,predicted_richness_1read,72,97.0,0.0,97.0,97.0,97.0
2000,Training-mean RA,richness_1read_absolute_error,72,30.01388888888889,15.932509996996137,31.0,14.75,42.0
2000,Training-mean RA,true_richness_fixed,72,114.45833333333331,29.351170286431486,116.0,89.0,139.25
2000,Training-mean RA,predicted_richness_fixed,72,231.0,0.0,231.0,231.0,231.0
2000,Training-mean RA,richness_fixed_absolute_error,72,116.54166666666669,29.351170286431486,115.0,91.75,142.0
2000,XGBoost,composition_RMSE_RA,72,0.0028988451553184,0.0022437852381335,0.0020083209433372,0.0016112563781037,0.0032175359374393
2000,XGBoost,composition_Spearman,72,0.8487275134435,0.0491311068372904,0.8586440494848343,0.8174112084404401,0.8861435142598346
2000,XGBoost,Bray_Curtis,72,0.0772623885821668,0.0296687876813989,0.0682829546841939,0.0637063845021043,0.0771595619545623
2000,XGBoost,Jensen_Shannon_distance,72,0.1103518387104755,0.0200830504842426,0.1062506547530795,0.1012673854173523,0.1129615113667331
2000,XGBoost,RAD_MAE_log10_RA_specific,72,0.7186516533052802,0.1221481226620317,0.7358170649458529,0.6272778526370073,0.7865309386492151
2000,XGBoost,RAD_RMSE_log10_RA_specific,72,0.9282757306237116,0.1543770344808133,0.923440806281693,0.8285761732244589,0.983902310218469
2000,XGBoost,RAD_head_MAE_log10,72,0.0423960889676077,0.0242310778647333,0.0347113044397923,0.0300020588439723,0.0427389792146816
2000,XGBoost,RAD_middle_MAE_log10,72,0.4385371138817009,0.2260930286335905,0.4904757491019398,0.2146016036854878,0.5967402793650413
2000,XGBoost,RAD_tail_MAE_log10,72,1.0393160614208534,0.1874649725814088,1.0411444936326255,0.9520817066771956,1.133176671209922
2000,XGBoost,Shannon_absolute_error,72,0.1198557791829684,0.0666834475685943,0.1069723340532068,0.0820760567857993,0.1473017764216126
2000,XGBoost,Simpson_absolute_error,72,0.0166696671344102,0.0233320241016599,0.0081211982658904,0.0041655936660541,0.0171413352035002
2000,XGBoost,true_richness_1read,72,67.01388888888889,15.985462634827066,66.0,55.0,82.25
2000,XGBoost,predicted_richness_1read,72,60.24166666666666,12.753212795986675,60.5,49.05,71.9
2000,XGBoost,richness_1read_absolute_error,72,7.166666666666667,3.721426350810539,7.1,4.5,9.25
2000,XGBoost,true_richness_fixed,72,114.45833333333331,29.351170286431486,116.0,89.0,139.25
2000,XGBoost,predicted_richness_fixed,72,86.85833333333333,21.44531039710475,85.3,69.05000000000001,105.2
2000,XGBoost,richness_fixed_absolute_error,72,27.6,9.81284010803781,28.5,19.15,35.15
5000,Random Forest,composition_RMSE_RA,72,0.0008656969665068,7.173742689443187e-05,0.0008781032673412,0.0008259086661021,0.0009118113140406
5000,Random Forest,composition_Spearman,72,0.8810348259336686,0.045641613040916,0.8829764554087793,0.8517817345135315,0.918896881044437
5000,Random Forest,Bray_Curtis,72,0.0365934823142398,0.0055715982600405,0.0372232366603603,0.0323532163979461,0.0414198771457876
5000,Random Forest,Jensen_Shannon_distance,72,0.0699432789255002,0.0071711187283987,0.0717437469415162,0.064997626988645,0.0749608661960166
5000,Random Forest,RAD_MAE_log10_RA_specific,72,0.5717134874673726,0.1021742311373134,0.5953412340754409,0.4994203779445121,0.6480021550719409
5000,Random Forest,RAD_RMSE_log10_RA_specific,72,0.8208446550618055,0.115015954020956,0.8204472166252654,0.748520114121664,0.8811754758744925
5000,Random Forest,RAD_head_MAE_log10,72,0.020651679070148,0.0026387771701664,0.0204097760993606,0.0190198904977737,0.0220343919372082
5000,Random Forest,RAD_middle_MAE_log10,72,0.2803610216583171,0.2271833750279927,0.2120332327051533,0.0665617815356477,0.4450380155822848
5000,Random Forest,RAD_tail_MAE_log10,72,0.8896503741712798,0.1888807045204565,0.9228280953454988,0.8003241608535314,1.0290916632089595
5000,Random Forest,Shannon_absolute_error,72,0.0475299275247334,0.0135972515848605,0.048160387757673,0.037953156066301,0.0562105289470884
5000,Random Forest,Simpson_absolute_error,72,0.00274254417918,0.0019040816793525,0.0022534500948333,0.0015297013342707,0.0031090699224909
5000,Random Forest,true_richness_1read,72,93.20833333333331,24.171883037476928,92.5,73.0,114.0
5000,Random Forest,predicted_richness_1read,72,86.13611111111112,22.986188783797584,85.4,64.6,106.25
5000,Random Forest,richness_1read_absolute_error,72,7.333333333333333,3.2560236701911536,7.6,4.95,9.4
5000,Random Forest,true_richness_fixed,72,114.45833333333331,29.351170286431486,116.0,89.0,139.25
5000,Random Forest,predicted_richness_fixed,72,104.10833333333332,27.705614166410896,105.1,80.15,127.9
5000,Random Forest,richness_fixed_absolute_error,72,10.45,3.6422791193288018,10.1,8.35,11.7
5000,Raw shallow RA,composition_RMSE_RA,72,0.0008128301126013,7.306850846495101e-05,0.0008228687297999,0.000761215295614,0.0008693989696755
5000,Raw shallow RA,composition_Spearman,72,0.8700767715174473,0.0411332542610674,0.8753261957593229,0.8376228452817513,0.8999417518697702
5000,Raw shallow RA,Bray_Curtis,72,0.0372153732025845,0.006051389167837,0.0373998157469802,0.0318174826220833,0.043125254748788
5000,Raw shallow RA,Jensen_Shannon_distance,72,0.077310307230347,0.0091030102346411,0.0783611303795973,0.0713440846478974,0.0850612193007502
5000,Raw shallow RA,RAD_MAE_log10_RA_specific,72,0.9089993169858748,0.2436038555419343,0.9670097243863958,0.8024304019457494,1.0751369934833854
5000,Raw shallow RA,RAD_RMSE_log10_RA_specific,72,1.7641222402548722,0.2733444826364943,1.8300733015025337,1.6885602938794582,1.9481504828662104
5000,Raw shallow RA,RAD_head_MAE_log10,72,0.0197899430793907,0.0026765727957239,0.0195995927908962,0.0178904357802932,0.0212193830761161
5000,Raw shallow RA,RAD_middle_MAE_log10,72,0.7075185433954546,0.5806200331923557,0.6233260228968012,0.0775756518269781,1.203341850438319
5000,Raw shallow RA,RAD_tail_MAE_log10,72,1.1808775063566797,0.704799072768583,1.3220211147285037,0.605160656436417,1.7558348313136012
5000,Raw shallow RA,Shannon_absolute_error,72,0.0209974432138982,0.0068722032776825,0.0213695349366152,0.0159237580826528,0.0258901538242378
5000,Raw shallow RA,Simpson_absolute_error,72,0.0018055435370984,0.0012640249272306,0.0014327749807297,0.0009693290303676,0.0021118622962591
5000,Raw shallow RA,true_richness_1read,72,93.20833333333331,24.171883037476928,92.5,73.0,114.0
5000,Raw shallow RA,predicted_richness_1read,72,107.44722222222222,24.70970598044547,107.9,87.9,130.55
5000,Raw shallow RA,richness_1read_absolute_error,72,14.283333333333337,5.6061083386093555,15.0,11.0,18.25
5000,Raw shallow RA,true_richness_fixed,72,114.45833333333331,29.351170286431486,116.0,89.0,139.25
5000,Raw shallow RA,predicted_richness_fixed,72,107.44722222222222,24.70970598044547,107.9,87.9,130.55
5000,Raw shallow RA,richness_fixed_absolute_error,72,7.794444444444445,4.680191668426427,6.9,4.0,10.95
5000,Training-mean RA,composition_RMSE_RA,72,0.0132603616478729,0.0047588661517308,0.0119728497107974,0.0101612362022873,0.0146207513978813
5000,Training-mean RA,composition_Spearman,72,0.5854992486605802,0.060413080359585,0.5861618683916767,0.5581597451093464,0.6275087137141178
5000,Training-mean RA,Bray_Curtis,72,0.3985704493983644,0.0752000783603454,0.394419813052308,0.3449927030817201,0.4443466183333281
5000,Training-mean RA,Jensen_Shannon_distance,72,0.4520867246319424,0.0683620382015574,0.4437101515592175,0.4060989644010537,0.4905584083602715
5000,Training-mean RA,RAD_MAE_log10_RA_specific,72,1.676069943689311,0.5780819799243232,1.5933264092053212,1.1912096489068889,2.1031929667152953
5000,Training-mean RA,RAD_RMSE_log10_RA_specific,72,2.362900486697379,0.4968703103739382,2.3022467052505853,2.003418062500307,2.702143840952833
5000,Training-mean RA,RAD_head_MAE_log10,72,0.1313359050326663,0.0592514653044852,0.1157450520646542,0.0880469770040334,0.1635276797224803
5000,Training-mean RA,RAD_middle_MAE_log10,72,0.496733399461611,0.4361548079056671,0.3869986086594872,0.1617632970235314,0.6770339736322222
5000,Training-mean RA,RAD_tail_MAE_log10,72,2.8928093810475333,0.8218198208285933,2.8377355070676815,2.229565201128435,3.5653377144580713
5000,Training-mean RA,Shannon_absolute_error,72,0.6293028636520913,0.345555313260703,0.595645211758389,0.3096174701163373,0.8879533787390586
5000,Training-mean RA,Simpson_absolute_error,72,0.0528806130395713,0.0488461340846419,0.0386931780953472,0.0135590346820739,0.071304138249794
5000,Training-mean RA,true_richness_1read,72,93.20833333333331,24.171883037476928,92.5,73.0,114.0
5000,Training-mean RA,predicted_richness_1read,72,158.0,0.0,158.0,158.0,158.0
5000,Training-mean RA,richness_1read_absolute_error,72,64.79166666666667,24.171883037476928,65.5,44.0,85.0
5000,Training-mean RA,true_richness_fixed,72,114.45833333333331,29.351170286431486,116.0,89.0,139.25
5000,Training-mean RA,predicted_richness_fixed,72,231.0,0.0,231.0,231.0,231.0
5000,Training-mean RA,richness_fixed_absolute_error,72,116.54166666666669,29.351170286431486,115.0,91.75,142.0
5000,XGBoost,composition_RMSE_RA,72,0.002730829785709,0.0022506388567958,0.001915823279982,0.001254898527143,0.0030487526384755
5000,XGBoost,composition_Spearman,72,0.8861598558443944,0.0434120155429052,0.8899130981725889,0.8589554318116291,0.9234444680120056
5000,XGBoost,Bray_Curtis,72,0.0632660314504207,0.0292093691103686,0.0533216571218637,0.0468457480338384,0.0656780117402099
5000,XGBoost,Jensen_Shannon_distance,72,0.0850276911710519,0.0201240382875229,0.0789790619163945,0.0749882783682089,0.0869141486889069
5000,XGBoost,RAD_MAE_log10_RA_specific,72,0.6081995151005224,0.102595025085266,0.6368791703746386,0.5362734866828979,0.6863982889228029
5000,XGBoost,RAD_RMSE_log10_RA_specific,72,0.846287950565817,0.1116067082777848,0.8672875657842116,0.7833192331164803,0.909524207244718
5000,XGBoost,RAD_head_MAE_log10,72,0.0370663208487008,0.0235654655372544,0.0298568463172517,0.0254643471303997,0.0357388250150861
5000,XGBoost,RAD_middle_MAE_log10,72,0.3004065754708102,0.2399398520040957,0.2602021899551386,0.0726669840619735,0.4885145283502808
5000,XGBoost,RAD_tail_MAE_log10,72,0.9429485437860408,0.1823910771699044,0.9626545391908028,0.8555872657110186,1.0808755437195314
5000,XGBoost,Shannon_absolute_error,72,0.0895726061089778,0.0825057906055142,0.0658530431907628,0.0454773972121854,0.0997996614955266
5000,XGBoost,Simpson_absolute_error,72,0.0159922525361941,0.0242919167384317,0.0058624623972581,0.0027116728082582,0.0173751832974532
5000,XGBoost,true_richness_1read,72,93.20833333333331,24.171883037476928,92.5,73.0,114.0
5000,XGBoost,predicted_richness_1read,72,86.17500000000001,22.569502980542843,84.3,64.8,105.3
5000,XGBoost,richness_1read_absolute_error,72,7.411111111111111,3.653111949702322,7.6,4.15,9.6
5000,XGBoost,true_richness_fixed,72,114.45833333333331,29.351170286431486,116.0,89.0,139.25
5000,XGBoost,predicted_richness_fixed,72,104.26666666666668,26.28858264465372,106.5,81.35000000000001,126.85
5000,XGBoost,richness_fixed_absolute_error,72,10.463888888888889,4.419397242552477,10.0,7.6,13.05
