sample_id,split,subsample_repeat,otu_id,shallow_depth,shallow_count,shallow_ra,log10_shallow_ra,zero_in_shallow,shallow_rank,shallow_rank_norm,shallow_richness,otu_mean_ra_train,otu_prevalence_train,otu_std_ra_train,otu_max_ra_train,target_reference_ra,target_log10_reference_ra,is_other,pred_raw_shallow_ra,pred_training_mean_ra,pred_random_forest_ra,pred_xgboost_ra,log1p_shallow_count,abundance_group,shallow_detection_group
SRS2821919,test,5,221529,2000,0,0.0,-8.0,1,92,1.0,91,0.0001303293645103,0.540785498489426,0.0005200551937006,0.0077908798915278,1.7313019390581722e-05,-4.7613764084859955,0,0.0,0.00013032936451030146,1.7807590451577353e-06,1.1742456215196942e-06,0.0,Very rare (<1e-4),Shallow zero
SRS2821875,test,3,71581,2000,0,0.0,-8.0,1,98,1.0,97,9.826839780148766e-05,0.3474320241691843,0.0009270886668867,0.0159958271755194,0.0,-8.0,0,0.0,9.826839780148877e-05,2.4610197078800837e-07,2.1385177370292093e-07,0.0,Reference zero,Shallow zero
SRS2821987,test,4,9456,2000,0,0.0,-8.0,1,83,1.0,82,0.0001179264307797,0.6918429003021148,0.000235178802523,0.0014995104903771,7.739578657337892e-06,-5.110721909334661,0,0.0,0.00011792643077970135,3.5526403578940766e-06,1.8188680697371111e-06,0.0,Very rare (<1e-4),Shallow zero
SRS2821972,test,3,26524,2000,0,0.0,-8.0,1,109,1.0,108,0.0003335211770506,0.486404833836858,0.0013181984640334,0.0174302355907154,9.336457934588778e-06,-5.029352944305412,0,0.0,0.0003335211770506038,7.889203039445009e-07,9.63715410062733e-07,0.0,Very rare (<1e-4),Shallow zero
SRS2822218,test,4,221529,2000,0,0.0,-8.0,1,61,1.0,60,0.0001303293645103,0.540785498489426,0.0005200551937006,0.0077908798915278,0.0,-8.0,0,0.0,0.00013032936451030146,1.7274240368515094e-08,5.40358819965342e-08,0.0,Reference zero,Shallow zero
SRS2822269,test,5,102973,2000,0,0.0,-8.0,1,71,1.0,70,0.0001642302972569,0.4169184290030212,0.0008348129737885,0.0090578035750596,0.0,-8.0,0,0.0,0.00016423029725690186,6.154027960323638e-08,1.108945987332502e-07,0.0,Reference zero,Shallow zero
SRS2821824,test,4,192431,2000,0,0.0,-8.0,1,106,1.0,105,0.0001661506473655,0.6978851963746223,0.0002586186625329,0.0016578491844844,8.572800219463686e-06,-5.066370996364076,0,0.0,0.00016615064736550186,1.9203959047480464e-06,1.9217771156626263e-06,0.0,Very rare (<1e-4),Shallow zero
SRS2822298,test,4,129390,2000,0,0.0,-8.0,1,78,1.0,77,0.0001395612755736,0.6374622356495468,0.0002292280571613,0.001612178145685,0.0,-8.0,0,0.0,0.00013956127557360158,2.166134901095063e-06,1.186435604561667e-06,0.0,Reference zero,Shallow zero
SRS2821969,test,2,211915,2000,0,0.0,-8.0,1,80,1.0,79,0.0001747091142091,0.6314199395770392,0.000263576731316,0.0017431061580225,0.0002969473809241003,-3.5273058757926803,0,0.0,0.00017470911420910197,6.439292552802859e-07,8.400163846498421e-07,0.0,Rare (1e-4 to 1e-3),Shallow zero
SRS2822068,test,4,185862,2000,0,0.0,-8.0,1,92,1.0,91,0.0005944871030864,0.8187311178247734,0.0012293091412168,0.0104048176647708,0.000177582616276254,-3.7505750947350087,0,0.0,0.0005944871030864067,1.1987617766893568e-05,5.848354390547695e-06,0.0,Rare (1e-4 to 1e-3),Shallow zero
SRS2822280,test,5,175037,2000,0,0.0,-8.0,1,104,1.0,103,0.0001830570278964,0.6435045317220544,0.0005159711415204,0.0056059711109917,0.0,-8.0,0,0.0,0.00018305702789640207,2.0624544570640213e-06,5.236753338791936e-06,0.0,Reference zero,Shallow zero
SRS2822298,test,1,146247,2000,0,0.0,-8.0,1,78,1.0,77,0.0001146733348428,0.2326283987915408,0.0012743383610444,0.0179798771723507,0.0,-8.0,0,0.0,0.0001146733348428013,3.845713547867667e-09,1.5846528393604032e-08,0.0,Reference zero,Shallow zero
SRS2821970,test,2,11043,2000,0,0.0,-8.0,1,110,1.0,109,0.0001143891157707,0.7250755287009063,0.0002701224473978,0.0030135610246107,0.0003563277059237073,-3.448138220286694,0,0.0,0.0001143891157707013,4.454173140105902e-05,2.6018415129710698e-05,0.0,Rare (1e-4 to 1e-3),Shallow zero
SRS2822111,test,3,9456,2000,0,0.0,-8.0,1,67,1.0,66,0.0001179264307797,0.6918429003021148,0.000235178802523,0.0014995104903771,1.335541428495112e-05,-4.874017574963585,0,0.0,0.00011792643077970135,3.2601501089632604e-07,4.0688952364917905e-07,0.0,Very rare (<1e-4),Shallow zero
SRS2822253,test,2,145222,2000,0,0.0,-8.0,1,109,1.0,108,0.0007604187236067,0.6918429003021148,0.0026780719289448,0.031470961865727,0.0,-8.0,0,0.0,0.0007604187236067085,8.717493752709657e-06,1.480710599791264e-05,0.0,Reference zero,Shallow zero
SRS2822025,test,5,182860,2000,0,0.0,-8.0,1,69,1.0,68,0.0008390357207221,0.9667673716012084,0.0023867981127546,0.0349421542369605,0.00016960240350834686,-3.770542391594264,0,0.0,0.0008390357207221095,3.3939570225263975e-05,3.256851331448384e-05,0.0,Rare (1e-4 to 1e-3),Shallow zero
SRS2822275,test,4,232457,2000,0,0.0,-8.0,1,66,1.0,65,8.391437579752134e-05,0.4380664652567976,0.0001503158490189,0.0009858625280767,0.0,-8.0,0,0.0,8.391437579752229e-05,0.0,1.5502749114197637e-09,0.0,Reference zero,Shallow zero
SRS2822183,test,5,7129,2000,0,0.0,-8.0,1,106,1.0,105,0.0001456493903082,0.4773413897280967,0.000590290679913,0.0063272737341991,6.893778365025564e-05,-4.161479689806253,0,0.0,0.00014564939030820167,7.743277785134425e-07,1.8094862765053619e-06,0.0,Very rare (<1e-4),Shallow zero
SRS2821972,test,2,232457,2000,0,0.0,-8.0,1,95,1.0,94,8.391437579752134e-05,0.4380664652567976,0.0001503158490189,0.0009858625280767,0.00022407499043013065,-3.649587232227444,0,0.0,8.391437579752229e-05,5.381681841833908e-06,3.443809164848631e-06,0.0,Rare (1e-4 to 1e-3),Shallow zero
SRS2821843,test,5,118090,2000,135,0.0675,-1.1706961628290566,0,5,0.04716981132075472,105,0.0508609229361784,0.9577039274924471,0.0607665946530233,0.2486033124478452,0.0665257550581566,-1.1770101222838985,0,0.0675,0.05086092293617898,0.07102171884446708,0.07020881906806216,4.912654885736052,Dominant (>=1e-2),Detected in shallow
SRS2822220,test,5,83909,2000,0,0.0,-8.0,1,57,1.0,56,0.0002642183060732,0.6253776435045317,0.0005672189765421,0.0059502664298401,0.0,-8.0,0,0.0,0.000264218306073203,1.659483125528882e-08,4.006826394181934e-08,0.0,Reference zero,Shallow zero
SRS2822218,test,4,168997,2000,0,0.0,-8.0,1,61,1.0,60,0.0003494230173817,0.5196374622356495,0.0011893367381893,0.0116778069650706,0.0,-8.0,0,0.0,0.00034942301738170395,5.713791158028165e-07,5.239286566514464e-07,0.0,Reference zero,Shallow zero
SRS2822269,test,4,99344,2000,0,0.0,-8.0,1,76,1.0,75,9.211405798961762e-05,0.6283987915407855,0.0001054085651696,0.000696605732391,0.0,-8.0,0,0.0,9.211405798961866e-05,8.396804723878445e-08,1.674336797806632e-07,0.0,Reference zero,Shallow zero
SRS2822125,test,3,28602,2000,2,0.001,-2.9999956570768957,0,41,0.5324675324675324,76,0.0147755809298305,1.0,0.0135068994825057,0.0547245191861005,0.001142426284943964,-2.942168011712258,0,0.001,0.014775580929830667,0.001302435399882913,0.0011965859720478365,1.0986122886681098,Common (1e-3 to 1e-2),Detected in shallow
SRS2822149,test,5,222950,2000,1,0.0005,-3.3010213098612007,0,86,0.9052631578947369,94,0.0001302223109175,0.4078549848942598,0.0002588689807413,0.0015302319752524,0.00015243404505514848,-3.816889535878469,0,0.0005,0.00013022231091750148,0.0003181516536322034,0.0003276955400242362,0.6931471805599453,Rare (1e-4 to 1e-3),Detected in shallow
SRS2822077,test,3,192431,2000,0,0.0,-8.0,1,62,1.0,61,0.0001661506473655,0.6978851963746223,0.0002586186625329,0.0016578491844844,0.0005346564297782245,-3.2719170831892845,0,0.0,0.00016615064736550186,2.6962238656400107e-05,1.2562897600409946e-05,0.0,Rare (1e-4 to 1e-3),Shallow zero
SRS2821816,test,1,78621,2000,0,0.0,-8.0,1,90,1.0,89,0.0001351882838644,0.56797583081571,0.0003541799624757,0.0035969250677165,4.6938807441365604e-05,-4.328375434882687,0,0.0,0.00013518828386440153,1.3557158610074812e-06,1.256493423878734e-06,0.0,Very rare (<1e-4),Shallow zero
SRS2821894,test,4,117212,2000,0,0.0,-8.0,1,64,1.0,63,0.00020029076209,0.9305135951661632,0.0001987850969851,0.001337816399498,9.460936842990497e-05,-4.024019955128319,0,0.0,0.00020029076209000226,3.977455575187736e-05,4.346680574036315e-05,0.0,Very rare (<1e-4),Shallow zero
SRS2822053,test,3,39261,2000,1,0.0005,-3.3010213098612007,0,58,0.8656716417910447,66,0.0005936649204949,0.8157099697885196,0.0008587361748811,0.0042032418373507,0.0009368412834725584,-3.028329343896899,0,0.0005,0.0005936649204949067,0.0006976429277259601,0.0004899997325081615,0.6931471805599453,Rare (1e-4 to 1e-3),Detected in shallow
SRS2822122,test,1,210905,2000,0,0.0,-8.0,1,92,1.0,91,0.0001127898579517,0.6163141993957704,0.0003650980735082,0.0045757583212379,1.2681986506366353e-05,-4.896470398296629,0,0.0,0.00011278985795170127,1.5881984055775023e-06,1.4695796136733731e-06,0.0,Very rare (<1e-4),Shallow zero
SRS2822218,test,3,260520,2000,8,0.004,-2.39793892293719,0,22,0.36666666666666664,59,0.0007085178752408,0.525679758308157,0.0016227750016784,0.00947160589283,0.0037698390568710344,-2.4236760384096834,0,0.004,0.000708517875240808,0.004209064063906758,0.004566409585232436,2.1972245773362196,Common (1e-3 to 1e-2),Detected in shallow
SRS2822279,test,2,139050,2000,0,0.0,-8.0,1,106,1.0,105,0.0001089244535117,0.1691842900302115,0.001067666733689,0.0138131871554489,0.0,-8.0,0,0.0,0.00010892445351170123,2.871311131656462e-08,4.872390171966643e-08,0.0,Reference zero,Shallow zero
SRS2822269,test,4,79943,2000,2,0.001,-2.9999956570768957,0,45,0.5921052631578947,75,0.0012701659821695,0.2084592145015106,0.0076001453449412,0.091807566341469,0.0005763391282655634,-3.2393143593787985,0,0.001,0.0012701659821695143,0.000665038473840724,0.0007774887425759144,1.0986122886681098,Rare (1e-4 to 1e-3),Detected in shallow
SRS2822026,test,4,260520,2000,5,0.0025,-2.6020582541535093,0,29,0.4603174603174603,62,0.0007085178752408,0.525679758308157,0.0016227750016784,0.00947160589283,0.0012163236378611858,-2.9149472826226908,0,0.0025,0.000708517875240808,0.002701791103732051,0.0024094502749959236,1.791759469228055,Common (1e-3 to 1e-2),Detected in shallow
SRS2822180,test,3,207119,2000,0,0.0,-8.0,1,68,1.0,67,0.0020778196068682,0.8912386706948641,0.0024632456707371,0.0131605700449159,0.00029017573768113313,-3.5373239364833826,0,0.0,0.0020778196068682235,2.8990693661594356e-05,1.529913556965624e-05,0.0,Rare (1e-4 to 1e-3),Shallow zero
SRS2821816,test,4,101509,2000,0,0.0,-8.0,1,85,1.0,84,0.0003506149536531,0.2930513595166163,0.0015501347112882,0.0150016329024577,0.0,-8.0,0,0.0,0.000350614953653104,2.414835299582122e-09,2.105053139145679e-08,0.0,Reference zero,Shallow zero
SRS2821835,test,5,66728,2000,0,0.0,-8.0,1,53,1.0,52,0.0003836266399621,0.6978851963746223,0.0007673526594138,0.0055927798309006,0.0,-8.0,0,0.0,0.00038362663996210434,1.0445161946795961e-07,1.1607036225016412e-07,0.0,Reference zero,Shallow zero
SRS2822133,test,3,95092,2000,0,0.0,-8.0,1,107,1.0,106,0.000215510403044,0.5045317220543807,0.0010910212379472,0.017478415210132,7.392485538450167e-05,-4.131150772262433,0,0.0,0.00021551040304400244,2.8472748515025855e-06,1.0855750597219311e-06,0.0,Very rare (<1e-4),Shallow zero
SRS2821931,test,2,6864,2000,0,0.0,-8.0,1,98,1.0,97,0.0001286923847759,0.2930513595166163,0.0003793532834035,0.0027095443465216,0.0,-8.0,0,0.0,0.00012869238477590146,1.3921780319966382e-07,7.815255581251884e-08,0.0,Reference zero,Shallow zero
SRS2821854,test,1,34262,2000,6,0.003,-2.5228772976344773,0,42,0.45652173913043476,91,0.0007483980248292,0.9395770392749244,0.000999256381279,0.0145350534119432,0.003208646457823186,-2.493676779152095,0,0.003,0.0007483980248292084,0.0017613213979841595,0.0017987563094245369,1.9459101490553132,Common (1e-3 to 1e-2),Detected in shallow
SRS2822000,test,2,132485,2000,0,0.0,-8.0,1,104,1.0,103,9.724252693523532e-05,0.2900302114803625,0.0008348412603537,0.0125849484017115,0.0,-8.0,0,0.0,9.724252693523641e-05,9.270270254948888e-08,7.27503211896471e-08,0.0,Reference zero,Shallow zero
SRS2821901,test,5,189417,2000,0,0.0,-8.0,1,86,1.0,85,0.0001201573041043,0.4954682779456193,0.0002157882329578,0.0018350831804097,1.0248631807653678e-05,-4.988910557158755,0,0.0,0.00012015730410430136,8.871722148884076e-08,2.598153127186768e-07,0.0,Very rare (<1e-4),Shallow zero
SRS2821946,test,5,99800,2000,0,0.0,-8.0,1,47,1.0,46,0.000178945661611,0.4259818731117825,0.0008085371580639,0.0080197521832563,0.0,-8.0,0,0.0,0.00017894566161100203,6.071184646898815e-08,6.147083558654621e-08,0.0,Reference zero,Shallow zero
SRS2822243,test,2,97979,2000,0,0.0,-8.0,1,82,1.0,81,0.0001398356969865,0.4410876132930513,0.0006051541152007,0.0063766505803793,0.0,-8.0,0,0.0,0.00013983569698650157,1.1052791634991726e-07,7.769595723774211e-08,0.0,Reference zero,Shallow zero
SRS2821901,test,5,4843,2000,0,0.0,-8.0,1,86,1.0,85,0.0002651975933892,0.7945619335347432,0.0009480217597742,0.0078377795354857,4.099452723061471e-05,-4.387168191018538,0,0.0,0.00026519759338920296,2.107959020228858e-06,3.426310764044078e-06,0.0,Very rare (<1e-4),Shallow zero
SRS2821968,test,5,77276,2000,0,0.0,-8.0,1,58,1.0,57,0.0002371714081184,0.1450151057401812,0.0017030517257961,0.0159834014513303,0.0,-8.0,0,0.0,0.00023717140811840268,0.0,1.480577810200327e-09,0.0,Reference zero,Shallow zero
SRS2821824,test,2,233976,2000,7,0.0035,-2.45593071481012,0,38,0.36893203883495146,102,0.0008927084313389,0.6465256797583081,0.0014619017075088,0.0086763798466207,0.0034719840888827926,-2.4594210228871844,0,0.0035,0.0008927084313389101,0.0029666608020697737,0.0029834020670358678,2.0794415416798357,Common (1e-3 to 1e-2),Detected in shallow
SRS2821901,test,2,192138,2000,0,0.0,-8.0,1,83,1.0,82,9.820938868897828e-05,0.2145015105740181,0.0008801074141266,0.0145934271204249,0.0,-8.0,0,0.0,9.82093886889794e-05,3.990569888402341e-08,3.9058126860749414e-08,0.0,Reference zero,Shallow zero
SRS2821946,test,5,149687,2000,0,0.0,-8.0,1,47,1.0,46,0.0002005772458831,0.2990936555891239,0.0010210793411067,0.0119213770644335,0.0,-8.0,0,0.0,0.00020057724588310228,1.974567118243016e-07,3.468393288531206e-08,0.0,Reference zero,Shallow zero
SRS2821908,test,3,250171,2000,0,0.0,-8.0,1,87,1.0,86,0.0027770875829705,0.9274924471299094,0.0083625122879893,0.0924635205744878,4.2527080637420184e-05,-4.371232319477142,0,0.0,0.002777087582970532,3.670249484760457e-05,1.523236847560806e-05,0.0,Very rare (<1e-4),Shallow zero
SRS2822262,test,4,187492,2000,1,0.0005,-3.3010213098612007,0,61,0.953125,63,0.000122105156686,0.6012084592145015,0.0004162651301673,0.0043488001265105,0.000633282143026772,-3.1983959000372386,0,0.0005,0.00012210515668600137,0.00012551110158855674,0.00012994224649289827,0.6931471805599453,Rare (1e-4 to 1e-3),Detected in shallow
SRS2822149,test,1,112852,2000,2,0.001,-2.9999956570768957,0,62,0.62,99,0.0003343208348485,0.6646525679758308,0.0008769432490963,0.0129876667505663,0.0004681902812408132,-3.329568329765203,0,0.001,0.0003343208348485038,0.0005837683713721321,0.0005670216277131461,1.0986122886681098,Rare (1e-4 to 1e-3),Detected in shallow
SRS2822218,test,4,121481,2000,0,0.0,-8.0,1,61,1.0,60,0.0008315500769304,0.3323262839879154,0.002063896486357,0.0119995955192521,2.230673998148541e-05,-4.651369246627695,0,0.0,0.0008315500769304094,9.205960912970689e-08,8.856203790940105e-08,0.0,Very rare (<1e-4),Shallow zero
SRS2822023,test,5,27862,2000,1,0.0005,-3.3010213098612007,0,65,0.8904109589041096,72,0.0001436421886614,0.6586102719033232,0.00025194628811,0.0024388528011631,0.00021760733481789894,-3.6623065128529775,0,0.0005,0.00014364218866140164,9.711500985982805e-05,0.0001253618458921822,0.6931471805599453,Rare (1e-4 to 1e-3),Detected in shallow
SRS2821871,test,4,207119,2000,0,0.0,-8.0,1,97,1.0,96,0.0020778196068682,0.8912386706948641,0.0024632456707371,0.0131605700449159,0.0008625375144740885,-3.0642169719584134,0,0.0,0.0020778196068682235,4.144135855344432e-05,9.84415632000232e-05,0.0,Rare (1e-4 to 1e-3),Shallow zero
SRS2821890,test,2,242803,2000,0,0.0,-8.0,1,106,1.0,105,0.0005601872626808,0.6737160120845922,0.001398595788985,0.0118232283180736,5.515111405250386e-05,-4.258366971249466,0,0.0,0.0005601872626808064,5.141315361536198e-06,7.513323969431773e-06,0.0,Very rare (<1e-4),Shallow zero
SRS2821968,test,5,9456,2000,3,0.0015,-2.8239058456574235,0,48,0.8275862068965517,57,0.0001179264307797,0.6918429003021148,0.000235178802523,0.0014995104903771,0.0005667809674951115,-3.24657707938133,0,0.0015,0.00011792643077970135,0.0007129996679577284,0.0005271027382128821,1.3862943611198906,Rare (1e-4 to 1e-3),Detected in shallow
SRS2821875,test,2,88503,2000,0,0.0,-8.0,1,103,1.0,102,0.0004440084717553,0.7764350453172205,0.0010493723293255,0.0090218645706621,0.0,-8.0,0,0.0,0.00044400847175530504,1.6837594196487632e-06,3.1921642943235932e-06,0.0,Reference zero,Shallow zero
SRS2822236,test,4,230879,2000,0,0.0,-8.0,1,62,1.0,61,0.0015856184968883,0.8126888217522659,0.0057585548024901,0.0600264512041966,1.267073819720737e-05,-4.896855463674951,0,0.0,0.001585618496888318,1.1918409918050048e-06,1.8863617496367705e-06,0.0,Very rare (<1e-4),Shallow zero
SRS2822279,test,1,242803,2000,0,0.0,-8.0,1,108,1.0,107,0.0005601872626808,0.6737160120845922,0.001398595788985,0.0118232283180736,9.323487730290148e-06,-5.0299560391068985,0,0.0,0.0005601872626808064,1.1543551362902747e-05,1.1294752384472003e-05,0.0,Very rare (<1e-4),Shallow zero
SRS2821854,test,2,181023,2000,0,0.0,-8.0,1,90,1.0,89,0.0005816964093084,0.6404833836858006,0.0010030159376034,0.0040213440569174,0.0,-8.0,0,0.0,0.0005816964093084066,4.6266626025900074e-07,3.532395816273989e-07,0.0,Reference zero,Shallow zero
SRS2821970,test,4,258891,2000,0,0.0,-8.0,1,114,1.0,113,0.000107908434255,0.3867069486404834,0.0002697226814888,0.0033856750919385,0.0,-8.0,0,0.0,0.00010790843425500122,8.91385081923587e-08,1.1885669850205262e-07,0.0,Reference zero,Shallow zero
SRS2822280,test,5,409,2000,0,0.0,-8.0,1,104,1.0,103,0.0003689609081321,0.5015105740181269,0.0015162228135537,0.0145491680182615,0.0,-8.0,0,0.0,0.0003689609081321042,1.0282145152907241e-06,1.0224719340364063e-06,0.0,Reference zero,Shallow zero
SRS2821871,test,2,164928,2000,2,0.001,-2.9999956570768957,0,65,0.6372549019607843,101,0.0008788847666915,0.879154078549849,0.001356926727573,0.0129150498990564,0.0010279556679348724,-2.988021389694265,0,0.001,0.00087888476669151,0.0006296738176460038,0.0005538492268457404,1.0986122886681098,Common (1e-3 to 1e-2),Detected in shallow
SRS2822236,test,5,57440,2000,0,0.0,-8.0,1,68,1.0,67,0.0019832102085078,0.9848942598187312,0.0109299056296734,0.1942510747756012,0.00016471959656369582,-3.7832283651924947,0,0.0,0.0019832102085078226,8.051174139138215e-05,6.660933520448805e-05,0.0,Rare (1e-4 to 1e-3),Shallow zero
SRS2822129,test,3,117212,2000,1,0.0005,-3.3010213098612007,0,99,0.8839285714285714,111,0.00020029076209,0.9305135951661632,0.0001987850969851,0.001337816399498,0.00045014189255308736,-3.3466409196311293,0,0.0005,0.00020029076209000226,0.00031717003819082277,0.00029312842840642706,0.6931471805599453,Rare (1e-4 to 1e-3),Detected in shallow
SRS2822279,test,5,189417,2000,2,0.001,-2.9999956570768957,0,75,0.6880733944954128,108,0.0001201573041043,0.4954682779456193,0.0002157882329578,0.0018350831804097,0.00022376370552696352,-3.6501909464736357,0,0.001,0.00012015730410430136,0.00037886628850821493,0.00048150279750103323,1.0986122886681098,Rare (1e-4 to 1e-3),Detected in shallow
SRS2821881,test,2,124698,2000,0,0.0,-8.0,1,57,1.0,56,0.0018821350136201,0.9667673716012084,0.0028303302472964,0.0211460268919317,0.00015253720212874138,-3.8165957533522312,0,0.0,0.0018821350136201211,6.996562385815864e-05,5.7509156577120547e-05,0.0,Rare (1e-4 to 1e-3),Shallow zero
SRS2822122,test,4,29321,2000,0,0.0,-8.0,1,91,1.0,90,0.0001117400921432,0.6132930513595166,0.000315810437811,0.0026350203970097,0.0,-8.0,0,0.0,0.00011174009214320126,7.556667366597563e-08,1.8671348907554034e-07,0.0,Reference zero,Shallow zero
SRS2822279,test,3,192431,2000,0,0.0,-8.0,1,109,1.0,108,0.0001661506473655,0.6978851963746223,0.0002586186625329,0.0016578491844844,0.0,-8.0,0,0.0,0.00016615064736550186,2.6333003957737605e-06,2.525953280341826e-06,0.0,Reference zero,Shallow zero
SRS2822218,test,4,149360,2000,5,0.0025,-2.6020582541535093,0,25,0.4098360655737705,60,0.0036443757842617,0.9818731117824774,0.0039649076588021,0.0222320688924422,0.002732575647731963,-2.563426217025305,0,0.0025,0.003644375784261741,0.0026744592443121245,0.002635453040553868,1.791759469228055,Common (1e-3 to 1e-2),Detected in shallow
SRS2821894,test,2,80933,2000,0,0.0,-8.0,1,68,1.0,67,8.703333793014278e-05,0.5347432024169184,0.0001600314615887,0.0009555506968231,2.102430409553444e-05,-4.677071851722514,0,0.0,8.703333793014377e-05,8.455192907504729e-07,1.0702563439251024e-06,0.0,Very rare (<1e-4),Shallow zero
SRS2822168,test,4,250171,2000,0,0.0,-8.0,1,71,1.0,70,0.0027770875829705,0.9274924471299094,0.0083625122879893,0.0924635205744878,2.4052627148200257e-05,-4.618656958306246,0,0.0,0.002777087582970532,4.195385610659265e-06,1.8952516844735695e-05,0.0,Very rare (<1e-4),Shallow zero
SRS2822111,test,1,177245,2000,0,0.0,-8.0,1,69,1.0,68,0.000199397967756,0.6646525679758308,0.000264001312745,0.0018696646903982,0.0,-8.0,0,0.0,0.00019939796775600226,1.0814761234756997e-07,1.503767618898717e-07,0.0,Reference zero,Shallow zero
SRS2821894,test,2,257397,2000,0,0.0,-8.0,1,68,1.0,67,0.000157080682454,0.1903323262839879,0.0016443494252495,0.0237303171434907,0.0,-8.0,0,0.0,0.0001570806824540018,5.0407020142920686e-08,1.1749306083655981e-08,0.0,Reference zero,Shallow zero
SRS2822253,test,2,99800,2000,1,0.0005,-3.3010213098612007,0,97,0.8899082568807339,108,0.000178945661611,0.4259818731117825,0.0008085371580639,0.0080197521832563,8.343763037129746e-05,-4.078585991294875,0,0.0005,0.00017894566161100203,0.00018942611984185795,0.00020159570706544956,0.6931471805599453,Very rare (<1e-4),Detected in shallow
SRS2821972,test,1,224005,2000,0,0.0,-8.0,1,105,1.0,104,0.0001551267007643,0.4078549848942598,0.000402133699931,0.0033242490491449,0.00018672915869177555,-3.7287646021337615,0,0.0,0.00015512670076430176,2.1034424664222593e-07,6.230679968943105e-07,0.0,Rare (1e-4 to 1e-3),Shallow zero
SRS2822063,test,2,87310,2000,8,0.004,-2.39793892293719,0,27,0.32926829268292684,81,0.0025290292004633,0.9909365558912386,0.0034345239529555,0.03014327231938,0.0029435395515302015,-2.53112864890396,0,0.004,0.0025290292004633286,0.002460999779393801,0.0040665220653275215,2.1972245773362196,Common (1e-3 to 1e-2),Detected in shallow
SRS2822089,test,4,170659,2000,1,0.0005,-3.3010213098612007,0,84,0.7850467289719626,106,0.0006393986810023,0.7945619335347432,0.0008578753801034,0.0049339031410024,0.0013382843571522814,-2.8734483532146853,0,0.0005,0.0006393986810023073,0.0006626782356951084,0.0006431243612766311,0.6931471805599453,Common (1e-3 to 1e-2),Detected in shallow
SRS2821908,test,5,33751,2000,2,0.001,-2.9999956570768957,0,51,0.6710526315789473,75,0.0072486117675203,0.9335347432024168,0.0167324478370842,0.1843301919655045,0.00034629194233327866,-3.460545072579158,0,0.001,0.007248611767520383,0.0009300506011200783,0.0006610960520971739,1.0986122886681098,Rare (1e-4 to 1e-3),Detected in shallow
SRS2821928,test,4,14807,2000,33,0.0165,-1.7825157925773965,0,15,0.14563106796116504,102,0.0282444378465975,1.0,0.0151177018539326,0.0872868217054263,0.018808023473952572,-1.7256566109386278,0,0.0165,0.02824443784659782,0.017053564032141953,0.01734266839107097,3.5263605246161616,Dominant (>=1e-2),Detected in shallow
SRS2822279,test,1,254595,2000,1,0.0005,-3.3010213098612007,0,94,0.8703703703703703,107,0.0001620413678883,0.676737160120846,0.0009144996576869,0.0118230026949491,0.00011188185276348176,-3.951201534818187,0,0.0005,0.00016204136788830186,8.536342073781765e-05,0.00012890297603552217,0.6931471805599453,Rare (1e-4 to 1e-3),Detected in shallow
SRS2822063,test,5,9456,2000,0,0.0,-8.0,1,72,1.0,71,0.0001179264307797,0.6918429003021148,0.000235178802523,0.0014995104903771,0.0,-8.0,0,0.0,0.00011792643077970135,8.108951161739472e-07,1.030852848535993e-06,0.0,Reference zero,Shallow zero
SRS2821987,test,4,233986,2000,0,0.0,-8.0,1,83,1.0,82,0.0006277564998318,0.6283987915407855,0.0022032620366809,0.0364416037566646,0.0,-8.0,0,0.0,0.0006277564998318072,2.0364367468537756e-07,2.2831757558553428e-07,0.0,Reference zero,Shallow zero
SRS2822268,test,4,246206,2000,0,0.0,-8.0,1,74,1.0,73,0.0001089758255946,0.4078549848942598,0.0003131337088583,0.0027118291859317,0.0,-8.0,0,0.0,0.00010897582559460123,2.842756867318852e-08,7.775795513054624e-08,0.0,Reference zero,Shallow zero
SRS2821905,test,3,193619,2000,2,0.001,-2.9999956570768957,0,50,0.6329113924050633,78,0.0002951490147937,0.8580060422960725,0.000556771671378,0.0040507178639054,0.00030986019403150247,-3.5088201959136245,0,0.001,0.00029514901479370335,0.00048697090748206246,0.0005598692829521997,1.0986122886681098,Rare (1e-4 to 1e-3),Detected in shallow
SRS2821972,test,2,211915,2000,1,0.0005,-3.3010213098612007,0,87,0.9157894736842105,94,0.0001747091142091,0.6314199395770392,0.000263576731316,0.0017431061580225,0.00039213123325272865,-3.4065574896747313,0,0.0005,0.00017470911420910197,0.00028716449996315797,0.00030015512383248667,0.6931471805599453,Rare (1e-4 to 1e-3),Detected in shallow
SRS2822026,test,3,18617,2000,0,0.0,-8.0,1,68,1.0,67,0.0002623557444307,0.8338368580060423,0.0003444771944798,0.0024863301370948,3.8309405916887744e-05,-4.416581232605431,0,0.0,0.000262355744430703,1.7796447366110684e-06,3.3372737862422715e-06,0.0,Very rare (<1e-4),Shallow zero
SRS2822220,test,3,254595,2000,0,0.0,-8.0,1,63,1.0,62,0.0001620413678883,0.676737160120846,0.0009144996576869,0.0118230026949491,0.0,-8.0,0,0.0,0.00016204136788830186,4.4076031732981935e-07,4.3398275154652805e-07,0.0,Reference zero,Shallow zero
SRS2822275,test,1,249900,2000,0,0.0,-8.0,1,71,1.0,70,0.0007808646005963,0.9486404833836858,0.0021385648679012,0.026292831142264,1.144086218337414e-05,-4.941161812242452,0,0.0,0.0007808646005963089,9.901706776248313e-05,4.3758667200050874e-05,0.0,Very rare (<1e-4),Shallow zero
SRS2822060,test,4,233398,2000,5,0.0025,-2.6020582541535093,0,34,0.4,84,0.0032046452428914,0.9969788519637462,0.0028195239268681,0.0189130815480707,0.0038008246882214763,-2.420121018993179,0,0.0025,0.0032046452428914365,0.003393236992075028,0.0032417916514688432,1.791759469228055,Common (1e-3 to 1e-2),Detected in shallow
SRS2821894,test,2,97600,2000,0,0.0,-8.0,1,68,1.0,67,8.888311433962735e-05,0.3293051359516616,0.0007071380654044,0.0117625823531181,0.0,-8.0,0,0.0,8.888311433962835e-05,2.0063012328298188e-08,4.508416704963164e-08,0.0,Reference zero,Shallow zero
SRS2821970,test,4,409,2000,0,0.0,-8.0,1,114,1.0,113,0.0003689609081321,0.5015105740181269,0.0015162228135537,0.0145491680182615,1.9260957076957154e-05,-4.715096715914369,0,0.0,0.0003689609081321042,1.449554981764427e-05,3.5396790966584133e-06,0.0,Very rare (<1e-4),Shallow zero
SRS2821844,test,1,43797,2000,0,0.0,-8.0,1,95,1.0,94,0.000243503257215,0.3534743202416918,0.0016826088875735,0.0182386041669412,0.0,-8.0,0,0.0,0.00024350325721500277,8.035123150879822e-08,9.71293826462365e-08,0.0,Reference zero,Shallow zero
SRS2822243,test,1,79943,2000,1,0.0005,-3.3010213098612007,0,67,0.881578947368421,75,0.0012701659821695,0.2084592145015106,0.0076001453449412,0.091807566341469,0.00022229061933586402,-3.6530593273425143,0,0.0005,0.0012701659821695143,0.00029653648854344314,0.00027227240791201737,0.6931471805599453,Rare (1e-4 to 1e-3),Detected in shallow
SRS2822180,test,4,146247,2000,0,0.0,-8.0,1,76,1.0,75,0.0001146733348428,0.2326283987915408,0.0012743383610444,0.0179798771723507,0.0,-8.0,0,0.0,0.0001146733348428013,3.891415915610339e-10,1.901963551267352e-08,0.0,Reference zero,Shallow zero
SRS2821991,test,1,168997,2000,0,0.0,-8.0,1,95,1.0,94,0.0003494230173817,0.5196374622356495,0.0011893367381893,0.0116778069650706,0.0,-8.0,0,0.0,0.00034942301738170395,8.868889114200559e-08,1.7699090439764882e-07,0.0,Reference zero,Shallow zero
SRS2822125,test,4,250171,2000,0,0.0,-8.0,1,72,1.0,71,0.0027770875829705,0.9274924471299094,0.0083625122879893,0.0924635205744878,2.284852569887928e-05,-4.640951783629668,0,0.0,0.002777087582970532,7.103632939067933e-06,1.5635815237965827e-05,0.0,Very rare (<1e-4),Shallow zero
SRS2822185,test,5,219738,2000,2,0.001,-2.9999956570768957,0,72,0.6,119,0.0002034288936819,0.6797583081570997,0.0006065035517112,0.0052514752855828,0.00046755753974239093,-3.3301556467832794,0,0.001,0.00020342889368190232,0.00046152637055968594,0.0004373268854789157,1.0986122886681098,Rare (1e-4 to 1e-3),Detected in shallow
SRS2822125,test,4,34262,2000,2,0.001,-2.9999956570768957,0,39,0.5416666666666666,71,0.0007483980248292,0.9395770392749244,0.000999256381279,0.0145350534119432,0.0009710623422023694,-3.012748415149669,0,0.001,0.0007483980248292084,0.0007311188171301897,0.0007855696887967597,1.0986122886681098,Rare (1e-4 to 1e-3),Detected in shallow
SRS2821875,test,2,44470,2000,1,0.0005,-3.3010213098612007,0,72,0.6990291262135923,102,0.0052578059728448,0.9546827794561934,0.0417782686220673,0.5880185523360106,0.001631949255615599,-2.7872906882795867,0,0.0005,0.00525780597284486,0.00036918656944499097,0.00040038990600728137,0.6931471805599453,Common (1e-3 to 1e-2),Detected in shallow
SRS2822269,test,5,10583,2000,0,0.0,-8.0,1,71,1.0,70,0.0001344425582233,0.8036253776435045,0.0001845876318963,0.0013976497416186,0.00023225606661448074,-3.634014234704943,0,0.0,0.0001344425582233015,4.3320826897561225e-05,2.505863522796189e-05,0.0,Rare (1e-4 to 1e-3),Shallow zero
SRS2821987,test,3,207119,2000,0,0.0,-8.0,1,83,1.0,82,0.0020778196068682,0.8912386706948641,0.0024632456707371,0.0131605700449159,0.0006036871352723557,-3.2191808850018524,0,0.0,0.0020778196068682235,5.226289441889811e-05,3.2245028892370166e-05,0.0,Rare (1e-4 to 1e-3),Shallow zero
SRS2822089,test,1,21282,2000,9,0.0045,-2.34678652112688,0,32,0.27350427350427353,116,0.0059784422652986,1.0,0.0098200487478248,0.0630847447429379,0.00575839255084538,-2.2396979783082402,0,0.0045,0.005978442265298668,0.00425079909483278,0.00468767813368216,2.302585092994046,Common (1e-3 to 1e-2),Detected in shallow
SRS2822230,test,2,121481,2000,0,0.0,-8.0,1,95,1.0,94,0.0008315500769304,0.3323262839879154,0.002063896486357,0.0119995955192521,0.0,-8.0,0,0.0,0.0008315500769304094,2.746606250722175e-08,2.2921232588851864e-08,0.0,Reference zero,Shallow zero
SRS2822023,test,4,76191,2000,0,0.0,-8.0,1,77,1.0,76,0.0002196381011682,0.6797583081570997,0.0004642059950311,0.0033582460622843,7.253577827263298e-06,-5.13884940576149,0,0.0,0.0002196381011682025,1.036114434668527e-06,1.3175245352316093e-06,0.0,Very rare (<1e-4),Shallow zero
SRS2821932,test,5,162670,2000,0,0.0,-8.0,1,96,1.0,95,8.661240651011096e-05,0.2507552870090634,0.0004224098442853,0.0052573383681388,0.0,-8.0,0,0.0,8.661240651011194e-05,6.67007123313954e-08,5.026877076666183e-08,0.0,Reference zero,Shallow zero
SRS2822000,test,1,191749,2000,0,0.0,-8.0,1,112,1.0,111,0.0001062974245615,0.8187311178247734,0.0002066550637179,0.0019332343701453,5.747346641633779e-05,-4.240457050557032,0,0.0,0.0001062974245615012,9.220805639590672e-07,6.523937651319724e-06,0.0,Very rare (<1e-4),Shallow zero
SRS2822243,test,4,150643,2000,0,0.0,-8.0,1,79,1.0,78,0.0002379709266102,0.3655589123867069,0.0009094289949943,0.0076564168868401,0.00022229061933586402,-3.6530593273425143,0,0.0,0.00023797092661020268,2.7535748853822193e-07,1.5108521632693756e-07,0.0,Rare (1e-4 to 1e-3),Shallow zero
SRS2821892,test,4,145222,2000,0,0.0,-8.0,1,114,1.0,113,0.0007604187236067,0.6918429003021148,0.0026780719289448,0.031470961865727,0.0,-8.0,0,0.0,0.0007604187236067085,3.133656612061036e-05,2.9611129157730953e-05,0.0,Reference zero,Shallow zero
SRS2822025,test,2,219738,2000,2,0.001,-2.9999956570768957,0,54,0.7941176470588235,67,0.0002034288936819,0.6797583081570997,0.0006065035517112,0.0052514752855828,0.00024228914786906695,-3.6156481132104625,0,0.001,0.00020342889368190232,0.0004675149007296035,0.000524560001669155,1.0986122886681098,Rare (1e-4 to 1e-3),Detected in shallow
SRS2822268,test,2,58120,2000,88,0.044,-1.3565472248105324,0,6,0.07792207792207792,76,0.0331338683761734,1.0,0.0247564773189989,0.1252526685343452,0.048637215874980384,-1.3130312039151373,0,0.044,0.033133868376173777,0.045034788380575695,0.045107566335382966,4.48863636973214,Dominant (>=1e-2),Detected in shallow
SRS2822185,test,2,184673,2000,0,0.0,-8.0,1,115,1.0,114,0.00011717566168,0.1389728096676737,0.000872086686013,0.011156369403792,0.0,-8.0,0,0.0,0.00011717566168000133,4.2111606969914704e-08,3.785373854297244e-08,0.0,Reference zero,Shallow zero
SRS2822129,test,5,189417,2000,0,0.0,-8.0,1,103,1.0,102,0.0001201573041043,0.4954682779456193,0.0002157882329578,0.0018350831804097,0.00017614247969468638,-3.754111238885582,0,0.0,0.00012015730410430136,3.57868481829101e-05,1.5410097782535995e-05,0.0,Rare (1e-4 to 1e-3),Shallow zero
SRS2821844,test,2,258109,2000,23,0.0115,-1.939301781999177,0,21,0.20388349514563106,102,0.0034453676064137,0.8066465256797583,0.0276611420822812,0.4874151893193258,0.01064154564089145,-1.9729948798538783,0,0.0115,0.003445367606413739,0.010772931875271018,0.010678805298149368,3.1780538303479458,Dominant (>=1e-2),Detected in shallow
SRS2822230,test,1,131147,2000,0,0.0,-8.0,1,106,1.0,105,0.0017128238555888,0.797583081570997,0.0018259291368465,0.0090787165996079,0.0,-8.0,0,0.0,0.0017128238555888192,0.000237814000035173,4.1596177976326676e-05,0.0,Reference zero,Shallow zero
SRS2822262,test,5,254706,2000,1,0.0005,-3.3010213098612007,0,50,0.78125,63,0.0023948049438828,0.43202416918429,0.0266362399101227,0.3715267876944523,0.000316641071513386,-3.4994190380280616,0,0.0005,0.0023948049438828273,6.280332953710907e-05,8.543749210796325e-05,0.6931471805599453,Rare (1e-4 to 1e-3),Detected in shallow
SRS2821892,test,4,26279,2000,0,0.0,-8.0,1,114,1.0,113,0.0001259579970962,0.7341389728096677,0.0002536241438473,0.0020910723511033,0.0,-8.0,0,0.0,0.00012595799709620145,4.1950361270200106e-05,2.944239436522841e-05,0.0,Reference zero,Shallow zero
SRS2821816,test,2,86908,2000,0,0.0,-8.0,1,87,1.0,86,0.0002443500360949,0.8549848942598187,0.0004383498900631,0.0030002961665743,2.3469403720682802e-05,-4.629312936560086,0,0.0,0.0002443500360949028,7.684569552365051e-06,9.020783135053564e-06,0.0,Very rare (<1e-4),Shallow zero
SRS2822122,test,4,11043,2000,0,0.0,-8.0,1,91,1.0,90,0.0001143891157707,0.7250755287009063,0.0002701224473978,0.0030135610246107,3.804595951909906e-05,-4.4195773235558145,0,0.0,0.0001143891157707013,7.742990514028693e-06,4.286427252788072e-06,0.0,Very rare (<1e-4),Shallow zero
SRS2821991,test,5,112467,2000,0,0.0,-8.0,1,100,1.0,99,0.0002949572894525,0.7613293051359517,0.0005100745519865,0.0049446880695865,3.842865240323185e-05,-4.41523184639629,0,0.0,0.00029495728945250335,2.813892459064548e-05,2.6995910673736373e-05,0.0,Very rare (<1e-4),Shallow zero
SRS2821928,test,5,71581,2000,0,0.0,-8.0,1,109,1.0,108,9.826839780148766e-05,0.3474320241691843,0.0009270886668867,0.0159958271755194,0.0,-8.0,0,0.0,9.826839780148877e-05,5.721504641358581e-07,3.927984860066357e-07,0.0,Reference zero,Shallow zero
SRS2822089,test,3,11812,2000,0,0.0,-8.0,1,116,1.0,115,0.0001526281800365,0.6344410876132931,0.0002237922471187,0.0014181122617241,3.769815090569807e-05,-4.423564763567361,0,0.0,0.00015262818003650174,3.3509986233098776e-07,3.808753688343268e-07,0.0,Very rare (<1e-4),Shallow zero
SRS2822116,test,1,57104,2000,1,0.0005,-3.3010213098612007,0,59,0.8428571428571429,69,0.0009905923670257,0.7945619335347432,0.0049250981992909,0.0449317104896404,0.00027433973811106534,-3.5616954500367863,0,0.0005,0.0009905923670257112,0.00030440098524261435,0.0002828234722923399,0.6931471805599453,Rare (1e-4 to 1e-3),Detected in shallow
SRS2821870,test,4,149360,2000,12,0.006,-2.221848025792823,0,31,0.31,99,0.0036443757842617,0.9818731117824774,0.0039649076588021,0.0222320688924422,0.00445329422686238,-2.3513176350878524,0,0.006,0.003644375784261741,0.005399238030201121,0.005473534697703107,2.5649493574615367,Common (1e-3 to 1e-2),Detected in shallow
SRS2822129,test,1,78621,2000,1,0.0005,-3.3010213098612007,0,103,0.944954128440367,108,0.0001351882838644,0.56797583081571,0.0003541799624757,0.0035969250677165,0.0015461395439866914,-2.8107485033107618,0,0.0005,0.00013518828386440153,0.0002087284573638792,0.00023544270729326938,0.6931471805599453,Common (1e-3 to 1e-2),Detected in shallow
SRS2822230,test,3,262354,2000,0,0.0,-8.0,1,97,1.0,96,0.0002552251792692,0.5045317220543807,0.0005935587538322,0.0035999343077681,3.7644224434866085e-05,-4.424186293146339,0,0.0,0.00025522517926920287,1.5980392378956e-08,8.667183321809333e-08,0.0,Very rare (<1e-4),Shallow zero
SRS2821870,test,1,4843,2000,0,0.0,-8.0,1,92,1.0,91,0.0002651975933892,0.7945619335347432,0.0009480217597742,0.0078377795354857,0.00012108654997511,-3.9168682296737565,0,0.0,0.00026519759338920296,6.107105651293587e-06,4.799817861826865e-06,0.0,Rare (1e-4 to 1e-3),Shallow zero
SRS2822000,test,2,9456,2000,0,0.0,-8.0,1,104,1.0,103,0.0001179264307797,0.6918429003021148,0.000235178802523,0.0014995104903771,7.663128855511705e-05,-4.115537202159254,0,0.0,0.00011792643077970135,6.959302600044778e-06,1.1329004006862317e-05,0.0,Very rare (<1e-4),Shallow zero
SRS2822053,test,5,157587,2000,0,0.0,-8.0,1,65,1.0,64,0.000654111289356,0.8036253776435045,0.0019159370545271,0.0210642701216227,0.0,-8.0,0,0.0,0.0006541112893560073,9.308117408882535e-07,1.6193488792147485e-06,0.0,Reference zero,Shallow zero
SRS2821824,test,1,189417,2000,0,0.0,-8.0,1,115,1.0,114,0.0001201573041043,0.4954682779456193,0.0002157882329578,0.0018350831804097,0.0002314656059255195,-3.635494770391835,0,0.0,0.00012015730410430136,4.76437066783981e-05,4.480637865440566e-05,0.0,Rare (1e-4 to 1e-3),Shallow zero
SRS2821901,test,1,192431,2000,1,0.0005,-3.3010213098612007,0,79,0.9404761904761905,83,0.0001661506473655,0.6978851963746223,0.0002586186625329,0.0016578491844844,0.0007891446491893332,-3.102837880557126,0,0.0005,0.00016615064736550186,0.00028820602158959177,0.00020708047517296315,0.6931471805599453,Rare (1e-4 to 1e-3),Detected in shallow
SRS2822133,test,1,146804,2000,0,0.0,-8.0,1,110,1.0,109,0.0001188064407762,0.6978851963746223,0.0004070488323287,0.0048127845396264,0.0,-8.0,0,0.0,0.00011880644077620135,1.7822040408697238e-06,2.0436068671149956e-06,0.0,Reference zero,Shallow zero
SRS2822262,test,2,254096,2000,1,0.0005,-3.3010213098612007,0,61,0.9682539682539683,62,0.0001131985710846,0.7824773413897281,0.000154892951407,0.0012609024583249,4.74961607270079e-05,-4.323250066243576,0,0.0005,0.00011319857108460129,0.00014715740651152082,0.00014999671650538902,0.6931471805599453,Very rare (<1e-4),Detected in shallow
SRS2821928,test,1,114712,2000,2,0.001,-2.9999956570768957,0,61,0.5648148148148148,107,0.0020879398715809,0.7250755287009063,0.0056613047295506,0.056530976044541,0.0006894671861721744,-3.161480099442379,0,0.001,0.0020879398715809238,0.0009935457898599888,0.0007929732663845207,1.0986122886681098,Rare (1e-4 to 1e-3),Detected in shallow
SRS2821931,test,5,176063,2000,0,0.0,-8.0,1,95,1.0,94,0.0001899694382991,0.5075528700906344,0.0003739394745769,0.0021271714875602,0.0,-8.0,0,0.0,0.00018996943829910213,2.487977743569781e-08,7.42950189035382e-08,0.0,Reference zero,Shallow zero
SRS2822185,test,2,237932,2000,1,0.0005,-3.3010213098612007,0,90,0.782608695652174,114,0.000348178309736,0.7220543806646526,0.0005457290207813,0.0029964756478131,0.00018853126602515763,-3.7245935810251805,0,0.0005,0.000348178309736004,0.0005747211616959419,0.0005533602448946342,0.6931471805599453,Rare (1e-4 to 1e-3),Detected in shallow
SRS2821932,test,1,44470,2000,10,0.005,-2.301029127075886,0,34,0.32075471698113206,105,0.0052578059728448,0.9546827794561934,0.0417782686220673,0.5880185523360106,0.004132190060732188,-2.3838186602480795,0,0.005,0.00525780597284486,0.004224232755038721,0.004609694156859564,2.3978952727983707,Common (1e-3 to 1e-2),Detected in shallow
SRS2822183,test,1,148378,2000,21,0.0105,-1.9788102873164666,0,23,0.19491525423728814,117,0.0009293110458781,0.7129909365558912,0.003108065224489,0.0404868893580928,0.011041535014649278,-1.9569701526585033,0,0.0105,0.0009293110458781105,0.01042062742082148,0.00999429970029728,3.091042453358316,Dominant (>=1e-2),Detected in shallow
SRS2822120,test,3,66728,2000,1,0.0005,-3.3010213098612007,0,81,0.7788461538461539,103,0.0003836266399621,0.6978851963746223,0.0007673526594138,0.0055927798309006,0.0004953819394753355,-3.305051064100328,0,0.0005,0.00038362663996210434,0.0003481922193323216,0.00044733146840373873,0.6931471805599453,Rare (1e-4 to 1e-3),Detected in shallow
SRS2821916,test,5,250391,2000,0,0.0,-8.0,1,60,1.0,59,0.0001980050490434,0.2084592145015106,0.0007778528445891,0.0046076537794218,0.0,-8.0,0,0.0,0.00019800504904340225,1.1169728235290724e-08,1.3716170198912876e-08,0.0,Reference zero,Shallow zero
SRS2822149,test,5,67192,2000,0,0.0,-8.0,1,95,1.0,94,0.000115056693052,0.7643504531722054,0.0002700851744775,0.0031180160046139,1.0888146075367749e-05,-4.962647375244445,0,0.0,0.0001150566930520013,8.359487116926996e-06,8.978455726462526e-06,0.0,Very rare (<1e-4),Shallow zero
SRS2822053,test,3,228316,2000,2,0.001,-2.9999956570768957,0,41,0.6119402985074627,66,0.0015487785003433,0.9879154078549848,0.0037244233712917,0.0598274912828041,0.0011450282353553491,-2.9411800110301254,0,0.001,0.0015487785003433176,0.0008473526319155278,0.00092318670851189,1.0986122886681098,Common (1e-3 to 1e-2),Detected in shallow
SRS2822253,test,2,146804,2000,0,0.0,-8.0,1,109,1.0,108,0.0001188064407762,0.6978851963746223,0.0004070488323287,0.0048127845396264,9.270847819033051e-06,-5.032412348532296,0,0.0,0.00011880644077620135,1.819054277697056e-06,1.6250459660901313e-06,0.0,Very rare (<1e-4),Shallow zero
SRS2822060,test,3,250391,2000,0,0.0,-8.0,1,84,1.0,83,0.0001980050490434,0.2084592145015106,0.0007778528445891,0.0046076537794218,4.032705239492282e-05,-4.3942958407635855,0,0.0,0.00019800504904340225,9.117078803699518e-08,4.9232378932917147e-08,0.0,Very rare (<1e-4),Shallow zero
SRS2821970,test,3,264947,2000,0,0.0,-8.0,1,117,1.0,116,0.0022047000583922,0.8429003021148036,0.0070569372817698,0.0597454725005176,0.0003466972273852288,-3.4600371050387064,0,0.0,0.002204700058392225,5.891979142769395e-05,7.473040025075303e-05,0.0,Rare (1e-4 to 1e-3),Shallow zero
SRS2822120,test,4,241327,2000,1,0.0005,-3.3010213098612007,0,92,0.8598130841121495,106,0.000186876877813,0.5558912386706949,0.0002748195430745,0.0013308329804609,0.00017613580070234151,-3.7541277058948284,0,0.0005,0.0001868768778130021,0.00033536953501254953,0.0003278376436115192,0.6931471805599453,Rare (1e-4 to 1e-3),Detected in shallow
SRS2821905,test,2,62872,2000,0,0.0,-8.0,1,80,1.0,79,0.0038796188624384,0.8398791540785498,0.004543477046185,0.0208477446747608,2.2132871002250174e-05,-4.654766070015628,0,0.0,0.0038796188624384436,4.888479849346083e-05,1.1935508307823125e-05,0.0,Very rare (<1e-4),Shallow zero
SRS2822268,test,3,189462,2000,1,0.0005,-3.3010213098612007,0,74,0.9736842105263158,75,0.000144266233978,0.8700906344410876,0.0001666767569086,0.0009350448719903,5.541650118683675e-05,-4.256282535501151,0,0.0005,0.00014426623397800162,9.32178309294692e-05,0.00010729535603213773,0.6931471805599453,Very rare (<1e-4),Detected in shallow
SRS2822136,test,3,155391,2000,0,0.0,-8.0,1,51,1.0,50,8.242509762519505e-05,0.3897280966767371,0.0003714736687704,0.003861107028818,0.0,-8.0,0,0.0,8.242509762519598e-05,3.854989609297686e-09,3.78977936031385e-08,0.0,Reference zero,Shallow zero
SRS2821844,test,3,213034,2000,0,0.0,-8.0,1,103,1.0,102,0.0020592681260378,0.7915407854984894,0.0214086082237064,0.2754897036664992,0.0,-8.0,0,0.0,0.0020592681260378234,6.396800401778325e-05,1.7133862886950664e-05,0.0,Reference zero,Shallow zero
SRS2822089,test,5,80933,2000,0,0.0,-8.0,1,114,1.0,113,8.703333793014278e-05,0.5347432024169184,0.0001600314615887,0.0009555506968231,1.8849075452849035e-05,-4.724479601925729,0,0.0,8.703333793014377e-05,9.35357160076146e-07,6.049165050756872e-07,0.0,Very rare (<1e-4),Shallow zero
SRS2822019,test,1,168466,2000,6,0.003,-2.5228772976344773,0,34,0.39080459770114945,86,0.0024476514126977,0.9788519637462236,0.0027280509870891,0.0268291329992788,0.002684001637050644,-2.5712156055313895,0,0.003,0.002447651412697728,0.0024241443318108514,0.0024609192921902375,1.9459101490553132,Common (1e-3 to 1e-2),Detected in shallow
SRS2821932,test,4,18877,2000,1,0.0005,-3.3010213098612007,0,77,0.7549019607843137,101,0.0005624122937875,0.7069486404833837,0.000765100071107,0.0034255204271402,0.0009905249782384664,-3.004130183843015,0,0.0005,0.0005624122937875063,0.000790731137509517,0.0006575208555770621,0.6931471805599453,Rare (1e-4 to 1e-3),Detected in shallow
SRS2821881,test,3,218257,2000,0,0.0,-8.0,1,53,1.0,52,0.0001907595118507,0.7311178247734139,0.0004058871516671,0.0050785126379078,0.0,-8.0,0,0.0,0.00019075951185070216,2.0573795384465855e-05,2.8219843921393047e-06,0.0,Reference zero,Shallow zero
SRS2821972,test,4,101428,2000,1,0.0005,-3.3010213098612007,0,92,0.8932038834951457,102,0.0001947719280358,0.6827794561933535,0.0003483462343428,0.0030910806984426,0.00011203749521506532,-3.9505978475308323,0,0.0005,0.0001947719280358022,0.0002855880849030186,0.00029291471649319124,0.6931471805599453,Rare (1e-4 to 1e-3),Detected in shallow
SRS2822026,test,4,101509,2000,0,0.0,-8.0,1,63,1.0,62,0.0003506149536531,0.2930513595166163,0.0015501347112882,0.0150016329024577,0.0,-8.0,0,0.0,0.000350614953653104,1.7670334931804705e-08,1.9879036776820855e-08,0.0,Reference zero,Shallow zero
SRS2821844,test,4,210905,2000,0,0.0,-8.0,1,97,1.0,96,0.0001127898579517,0.6163141993957704,0.0003650980735082,0.0045757583212379,2.1806445985433298e-05,-4.661215996856264,0,0.0,0.00011278985795170127,8.530548049888344e-07,1.5116647221817716e-06,0.0,Very rare (<1e-4),Shallow zero
SRS2822298,test,1,210905,2000,0,0.0,-8.0,1,78,1.0,77,0.0001127898579517,0.6163141993957704,0.0003650980735082,0.0045757583212379,0.00016506825572374176,-3.7823101286821674,0,0.0,0.00011278985795170127,1.5158315786759642e-06,1.736962555528975e-06,0.0,Rare (1e-4 to 1e-3),Shallow zero
SRS2822068,test,4,42738,2000,16,0.008,-2.0969094701402935,0,18,0.1956521739130435,91,0.004662586966442,0.9939577039274924,0.003631630128436,0.0198352032752053,0.005440485607736145,-2.264361535981792,0,0.008,0.004662586966442053,0.00741684183412962,0.007613336589050972,2.833213344056216,Common (1e-3 to 1e-2),Detected in shallow
SRS2821892,test,5,18877,2000,5,0.0025,-2.6020582541535093,0,41,0.36607142857142855,111,0.0005624122937875,0.7069486404833837,0.000765100071107,0.0034255204271402,0.0023660887350114295,-2.62596713664133,0,0.0025,0.0005624122937875063,0.0019194949358516966,0.0018110275046629104,1.791759469228055,Common (1e-3 to 1e-2),Detected in shallow
SRS2822111,test,3,233976,2000,0,0.0,-8.0,1,67,1.0,66,0.0008927084313389,0.6465256797583081,0.0014619017075088,0.0086763798466207,0.0,-8.0,0,0.0,0.0008927084313389101,5.393099546481709e-07,3.4514199097802394e-07,0.0,Reference zero,Shallow zero
SRS2821875,test,3,199426,2000,0,0.0,-8.0,1,98,1.0,97,0.0001735186880566,0.5649546827794562,0.00097345698815,0.0138866404043674,3.079149538897357e-05,-4.511428198323764,0,0.0,0.00017351868805660196,7.2822035741229316e-06,3.294685007787484e-06,0.0,Very rare (<1e-4),Shallow zero
SRS2822180,test,5,227739,2000,191,0.0955,-1.019996582940394,0,2,0.028985507246376812,68,0.1169303890828114,1.0,0.1254584030269547,0.4966737721569693,0.10575092040116796,-0.975715802994852,0,0.0955,0.11693038908281272,0.09658960058757239,0.11835237762161255,5.2574953720277815,Dominant (>=1e-2),Detected in shallow
SRS2821844,test,1,69371,2000,0,0.0,-8.0,1,95,1.0,94,0.0002562871208749,0.7552870090634441,0.0003565815383618,0.0022500138037656,0.0001526451218980331,-3.816288619634331,0,0.0,0.0002562871208749029,7.690502837634845e-06,1.1469479692274102e-05,0.0,Rare (1e-4 to 1e-3),Shallow zero
SRS2821925,test,5,241510,2000,0,0.0,-8.0,1,46,1.0,45,0.0002578822662974,0.1782477341389728,0.0022861804495522,0.0275202081204125,0.0,-8.0,0,0.0,0.00025788226629740293,7.810577362220122e-11,2.567979246283707e-09,0.0,Reference zero,Shallow zero
SRS2822120,test,3,80933,2000,0,0.0,-8.0,1,104,1.0,103,8.703333793014278e-05,0.5347432024169184,0.0001600314615887,0.0009555506968231,1.1008487543896345e-05,-4.957878014959672,0,0.0,8.703333793014377e-05,3.7237305534305345e-08,7.763608319632821e-08,0.0,Very rare (<1e-4),Shallow zero
SRS2821824,test,3,146247,2000,0,0.0,-8.0,1,110,1.0,109,0.0001146733348428,0.2326283987915408,0.0012743383610444,0.0179798771723507,7.715520197517317e-05,-4.112578502736796,0,0.0,0.0001146733348428013,9.502177197046585e-08,1.7604167268062958e-07,0.0,Very rare (<1e-4),Shallow zero
SRS2822023,test,2,150579,2000,8,0.004,-2.39793892293719,0,26,0.3939393939393939,65,0.0347292398971269,1.0,0.0653841817978855,0.4151791165050914,0.004207075139812714,-2.376018698970238,0,0.004,0.0347292398971273,0.003350019104474547,0.0036283043436017965,2.1972245773362196,Common (1e-3 to 1e-2),Detected in shallow
SRS2822149,test,4,241327,2000,0,0.0,-8.0,1,97,1.0,96,0.000186876877813,0.5558912386706949,0.0002748195430745,0.0013308329804609,0.00014154589897978073,-3.8490720278108057,0,0.0,0.0001868768778130021,6.62454233381395e-05,4.7834196718872836e-05,0.0,Rare (1e-4 to 1e-3),Shallow zero
SRS2822120,test,3,264947,2000,14,0.007,-2.1549013395654977,0,26,0.25,103,0.0022047000583922,0.8429003021148036,0.0070569372817698,0.0597454725005176,0.0057574389854577876,-2.239769901463138,0,0.007,0.002204700058392225,0.0066563427213361896,0.006559540956351954,2.70805020110221,Common (1e-3 to 1e-2),Detected in shallow
SRS2821987,test,4,55552,2000,0,0.0,-8.0,1,83,1.0,82,0.0004886600606367,0.6918429003021148,0.0006489186472599,0.0034648909100752,6.965620791604103e-05,-4.156977828419918,0,0.0,0.0004886600606367055,2.7716143977106224e-06,2.27570159128686e-06,0.0,Very rare (<1e-4),Shallow zero
SRS2821860,test,3,241754,2000,0,0.0,-8.0,1,94,1.0,93,0.0002289516523631,0.4833836858006042,0.0013338621329692,0.016593886462882,0.0,-8.0,0,0.0,0.0002289516523631026,1.1381167681951916e-07,2.3636315412368996e-07,0.0,Reference zero,Shallow zero
SRS2822129,test,4,133193,2000,1,0.0005,-3.3010213098612007,0,107,0.9304347826086956,114,0.000151765716712,0.3776435045317221,0.0005627595383252,0.005200743681222,0.001369997064292005,-2.8632771934456906,0,0.0005,0.0001517657167120017,0.0002302051769938088,0.0002450164432731947,0.6931471805599453,Common (1e-3 to 1e-2),Detected in shallow
SRS2822149,test,3,34262,2000,1,0.0005,-3.3010213098612007,0,71,0.7395833333333334,95,0.0007483980248292,0.9395770392749244,0.000999256381279,0.0145350534119432,8.710516860294199e-05,-4.059906218505557,0,0.0005,0.0007483980248292084,0.00041739761542030674,0.00042854215239693846,0.6931471805599453,Very rare (<1e-4),Detected in shallow
SRS2821969,test,5,254096,2000,0,0.0,-8.0,1,78,1.0,77,0.0001131985710846,0.7824773413897281,0.000154892951407,0.0012609024583249,7.126737142178407e-05,-4.1470483246567005,0,0.0,0.00011319857108460129,7.149949923343109e-06,9.894409298468841e-06,0.0,Very rare (<1e-4),Shallow zero
SRS2822218,test,4,103181,2000,60,0.03,-1.5228786005155344,0,9,0.14754098360655737,60,0.0762453372659705,1.0,0.0454332528433432,0.2032411595799079,0.028463400216375386,-1.5457130680806734,0,0.03,0.07624533726597137,0.028367053937665934,0.03275639684423336,4.110873864173311,Dominant (>=1e-2),Detected in shallow
SRS2821932,test,2,249900,2000,1,0.0005,-3.3010213098612007,0,82,0.7592592592592593,107,0.0007808646005963,0.9486404833836858,0.0021385648679012,0.026292831142264,0.0004702492320930093,-3.3276626696580864,0,0.0005,0.0007808646005963089,0.00044419862171918674,0.000391595426366902,0.6931471805599453,Rare (1e-4 to 1e-3),Detected in shallow
SRS2822269,test,5,69372,2000,0,0.0,-8.0,1,71,1.0,70,0.000326842642936,0.120845921450151,0.005540048872687,0.1007667205271995,0.0,-8.0,0,0.0,0.0003268426429360037,7.975133657285597e-09,1.0890326057280469e-08,0.0,Reference zero,Shallow zero
SRS2822298,test,4,157587,2000,7,0.0035,-2.45593071481012,0,29,0.3717948717948718,77,0.000654111289356,0.8036253776435045,0.0019159370545271,0.0210642701216227,0.002178900975553391,-2.6617605134966245,0,0.0035,0.0006541112893560073,0.0027556741778338237,0.0025200639827101866,2.0794415416798357,Common (1e-3 to 1e-2),Detected in shallow
SRS2821928,test,5,246206,2000,1,0.0005,-3.3010213098612007,0,105,0.963302752293578,108,0.0001089758255946,0.4078549848942598,0.0003131337088583,0.0027118291859317,0.0001603412060865522,-3.7949277691638885,0,0.0005,0.00010897582559460123,0.00022449503159395988,0.00018699361849440203,0.6931471805599453,Rare (1e-4 to 1e-3),Detected in shallow
SRS2822116,test,2,242853,2000,0,0.0,-8.0,1,71,1.0,70,0.0003012413935641,0.7009063444108762,0.0004949460319308,0.0050763568678878,0.0,-8.0,0,0.0,0.0003012413935641034,1.0828326850239798e-06,1.3278718948329562e-06,0.0,Reference zero,Shallow zero
SRS2822133,test,3,219738,2000,1,0.0005,-3.3010213098612007,0,93,0.8691588785046729,106,0.0002034288936819,0.6797583081570997,0.0006065035517112,0.0052514752855828,0.0010349479753830233,-2.98507728443875,0,0.0005,0.00020342889368190232,0.0001570535443908656,0.00019520001823285452,0.6931471805599453,Common (1e-3 to 1e-2),Detected in shallow
SRS2822077,test,4,66728,2000,0,0.0,-8.0,1,59,1.0,58,0.0003836266399621,0.6978851963746223,0.0007673526594138,0.0055927798309006,0.0,-8.0,0,0.0,0.00038362663996210434,1.422885139156737e-07,2.6582449226063677e-07,0.0,Reference zero,Shallow zero
SRS2821931,test,1,125856,2000,0,0.0,-8.0,1,95,1.0,94,9.291528843565944e-05,0.4803625377643504,0.0001910951586597,0.0019680332542441,3.440505066143711e-05,-4.463251586796972,0,0.0,9.29152884356605e-05,2.8416763011872398e-06,2.2260394487965425e-06,0.0,Very rare (<1e-4),Shallow zero
SRS2821970,test,2,254595,2000,0,0.0,-8.0,1,110,1.0,109,0.0001620413678883,0.676737160120846,0.0009144996576869,0.0118230026949491,0.0001733486136926144,-3.7610545746234894,0,0.0,0.00016204136788830186,8.860060801894947e-06,1.2090916698312165e-05,0.0,Rare (1e-4 to 1e-3),Shallow zero
SRS2821901,test,2,32169,2000,1,0.0005,-3.3010213098612007,0,55,0.6626506024096386,82,0.0033968085870039,0.6797583081570997,0.0050051107396281,0.0338869929858583,0.0008506364400352553,-3.070250911181719,0,0.0005,0.003396808587003939,0.00019597196587658498,0.00035187519764532646,0.6931471805599453,Rare (1e-4 to 1e-3),Detected in shallow
SRS2822185,test,5,39556,2000,4,0.002,-2.698967832869038,0,48,0.4,119,0.002650490784274,0.9697885196374624,0.0033855517402475,0.0258565717929554,0.00591988175318995,-2.2276862343956765,0,0.002,0.00265049078427403,0.0017535530059723857,0.0018216391869343722,1.6094379124341003,Common (1e-3 to 1e-2),Detected in shallow
SRS2822280,test,3,130514,2000,0,0.0,-8.0,1,99,1.0,98,0.0001230289830458,0.2477341389728096,0.0007161303787485,0.0092754128867178,0.0,-8.0,0,0.0,0.00012302898304580138,1.228676502915756e-07,8.404825804136284e-08,0.0,Reference zero,Shallow zero
SRS2821987,test,1,34262,2000,0,0.0,-8.0,1,82,1.0,81,0.0007483980248292,0.9395770392749244,0.000999256381279,0.0145350534119432,0.0007429995511044376,-3.129005603513593,0,0.0,0.0007483980248292084,3.4629578541979426e-06,1.8908791807996404e-05,0.0,Rare (1e-4 to 1e-3),Shallow zero
SRS2822080,test,1,5378,2000,0,0.0,-8.0,1,89,1.0,88,0.0001039061921997,0.622356495468278,0.0002665073499698,0.0020611394163964,0.0,-8.0,0,0.0,0.00010390619219970117,1.3184820092844398e-06,1.5887366123119728e-06,0.0,Reference zero,Shallow zero
SRS2821919,test,3,230845,2000,2,0.001,-2.9999956570768957,0,58,0.6666666666666666,86,0.000502405530781,0.9274924471299094,0.0006673250889536,0.0091532911898103,0.0012638504155124655,-2.8983008881739987,0,0.001,0.0005024055307810057,0.000612433680257547,0.0005860454719728402,1.0986122886681098,Common (1e-3 to 1e-2),Detected in shallow
SRS2821987,test,2,32169,2000,0,0.0,-8.0,1,81,1.0,80,0.0033968085870039,0.6797583081570997,0.0050051107396281,0.0338869929858583,0.00012383325851740627,-3.9071276295171984,0,0.0,0.003396808587003939,7.569330165452739e-07,4.179896906325017e-07,0.0,Rare (1e-4 to 1e-3),Shallow zero
SRS2822268,test,3,170659,2000,3,0.0015,-2.8239058456574235,0,39,0.5131578947368421,75,0.0006393986810023,0.7945619335347432,0.0008578753801034,0.0049339031410024,0.0010621496060810377,-2.9738102188175417,0,0.0015,0.0006393986810023073,0.0009168286991038725,0.001059593929526591,1.3862943611198906,Common (1e-3 to 1e-2),Detected in shallow
SRS2822026,test,1,192138,2000,0,0.0,-8.0,1,58,1.0,57,9.820938868897828e-05,0.2145015105740181,0.0008801074141266,0.0145934271204249,0.0,-8.0,0,0.0,9.82093886889794e-05,1.5892385776045705e-10,4.7257093958998754e-09,0.0,Reference zero,Shallow zero
SRS2821946,test,1,76593,2000,0,0.0,-8.0,1,50,1.0,49,0.0001764624664241,0.1812688821752265,0.0012488234248957,0.0125323212945199,0.0,-8.0,0,0.0,0.000176462466424102,1.166623079265913e-10,3.3762980673975487e-09,0.0,Reference zero,Shallow zero
SRS2822153,test,1,220566,2000,1,0.0005,-3.3010213098612007,0,101,0.9099099099099099,110,0.0001767500200136,0.6435045317220544,0.0004618708406531,0.0040513958818327,8.195461763048711e-05,-4.086373582787318,0,0.0005,0.000176750020013602,0.00031092534551453976,0.0002933310861039979,0.6931471805599453,Very rare (<1e-4),Detected in shallow
SRS2822153,test,5,39261,2000,0,0.0,-8.0,1,109,1.0,108,0.0005936649204949,0.8157099697885196,0.0008587361748811,0.0042032418373507,1.024432720381089e-05,-4.989092828836098,0,0.0,0.0005936649204949067,2.2151263553463647e-06,3.846219194697583e-06,0.0,Very rare (<1e-4),Shallow zero
SRS2822136,test,2,249900,2000,0,0.0,-8.0,1,58,1.0,57,0.0007808646005963,0.9486404833836858,0.0021385648679012,0.026292831142264,5.053721054812658e-05,-4.296302805987566,0,0.0,0.0007808646005963089,0.00011465920620227042,6.88556960035707e-05,0.0,Very rare (<1e-4),Shallow zero
SRS2822068,test,4,21519,2000,16,0.008,-2.0969094701402935,0,19,0.20652173913043478,91,0.0037110457057562,0.9909365558912386,0.0037973841082382,0.0427330401557205,0.007159808210774422,-2.145098004376475,0,0.008,0.003711045705756242,0.007350842116552303,0.007094620034080694,2.833213344056216,Common (1e-3 to 1e-2),Detected in shallow
SRS2822023,test,4,77276,2000,0,0.0,-8.0,1,77,1.0,76,0.0002371714081184,0.1450151057401812,0.0017030517257961,0.0159834014513303,0.0,-8.0,0,0.0,0.00023717140811840268,1.2441254888482095e-08,1.120630965378267e-08,0.0,Reference zero,Shallow zero
SRS2821901,test,2,254595,2000,1,0.0005,-3.3010213098612007,0,77,0.927710843373494,82,0.0001620413678883,0.676737160120846,0.0009144996576869,0.0118230026949491,3.0745895422961036e-05,-4.5120716244656265,0,0.0005,0.00016204136788830186,0.0001572984162611478,0.00014582188638256232,0.6931471805599453,Very rare (<1e-4),Detected in shallow
SRS2821870,test,2,124068,2000,7,0.0035,-2.45593071481012,0,40,0.41237113402061853,96,0.0001421891306851,0.5498489425981873,0.0007593415122119,0.0115510257415392,0.002004655105143488,-2.6979581692463994,0,0.0035,0.0001421891306851016,0.002920220197383176,0.0026725272524664996,2.0794415416798357,Common (1e-3 to 1e-2),Detected in shallow
SRS2822023,test,1,26279,2000,0,0.0,-8.0,1,79,1.0,78,0.0001259579970962,0.7341389728096677,0.0002536241438473,0.0020910723511033,2.1760733481789898e-05,-4.66212693881707,0,0.0,0.00012595799709620145,8.84623452279223e-06,4.251638449339605e-06,0.0,Very rare (<1e-4),Shallow zero
SRS2822220,test,5,264947,2000,0,0.0,-8.0,1,57,1.0,56,0.0022047000583922,0.8429003021148036,0.0070569372817698,0.0597454725005176,3.157662067005589e-05,-4.500496835090488,0,0.0,0.002204700058392225,1.575107765479281e-07,9.333299813288089e-07,0.0,Very rare (<1e-4),Shallow zero
SRS2822243,test,4,83909,2000,0,0.0,-8.0,1,79,1.0,78,0.0002642183060732,0.6253776435045317,0.0005672189765421,0.0059502664298401,0.0,-8.0,0,0.0,0.000264218306073203,7.437426975836395e-07,1.217836565378797e-06,0.0,Reference zero,Shallow zero
SRS2821970,test,2,184673,2000,0,0.0,-8.0,1,110,1.0,109,0.00011717566168,0.1389728096676737,0.000872086686013,0.011156369403792,0.0,-8.0,0,0.0,0.00011717566168000133,1.295169365269237e-08,2.080058573600834e-08,0.0,Reference zero,Shallow zero
SRS2822275,test,2,17010,2000,0,0.0,-8.0,1,64,1.0,63,9.520266271709308e-05,0.6374622356495468,0.0003057379082311,0.0042091459029569,0.0,-8.0,0,0.0,9.520266271709416e-05,4.31564823481015e-07,5.289778202342627e-07,0.0,Reference zero,Shallow zero
SRS2822230,test,1,142355,2000,1,0.0005,-3.3010213098612007,0,70,0.660377358490566,105,0.0460576524661746,1.0,0.0378787180399688,0.1573756043186914,0.0010540382841762504,-2.977139494369192,0,0.0005,0.046057652466175124,0.001454875136650738,0.0012612108290694787,0.6931471805599453,Common (1e-3 to 1e-2),Detected in shallow
SRS2822256,test,2,88503,2000,1,0.0005,-3.3010213098612007,0,70,0.8536585365853658,81,0.0004440084717553,0.7764350453172205,0.0010493723293255,0.0090218645706621,3.962383770076078e-05,-4.401933873374389,0,0.0005,0.00044400847175530504,0.00026898342477397363,0.0003078441306182662,0.6931471805599453,Very rare (<1e-4),Detected in shallow
SRS2821816,test,3,88503,2000,1,0.0005,-3.3010213098612007,0,76,0.8260869565217391,91,0.0004440084717553,0.7764350453172205,0.0010493723293255,0.0090218645706621,0.00017993209519190148,-3.744867227032422,0,0.0005,0.00044400847175530504,0.00022039093171658826,0.00019018451998415147,0.6931471805599453,Rare (1e-4 to 1e-3),Detected in shallow
SRS2821871,test,2,230879,2000,2,0.001,-2.9999956570768957,0,64,0.6274509803921569,101,0.0015856184968883,0.8126888217522659,0.0057585548024901,0.0600264512041966,0.0006971193610133044,-3.1566866256876307,0,0.001,0.001585618496888318,0.0008289550304663178,0.0008144093969911882,1.0986122886681098,Rare (1e-4 to 1e-3),Detected in shallow
SRS2821916,test,3,168466,2000,4,0.002,-2.698967832869038,0,25,0.38461538461538464,64,0.0024476514126977,0.9788519637462236,0.0027280509870891,0.0268291329992788,0.003332589558845758,-2.4772168675070567,0,0.002,0.002447651412697728,0.001788441003943441,0.001992627375113038,1.6094379124341003,Common (1e-3 to 1e-2),Detected in shallow
SRS2821928,test,2,249070,2000,0,0.0,-8.0,1,107,1.0,106,0.0002354463589657,0.2416918429003021,0.0010489682174097,0.0111223857781057,1.6034120608655217e-05,-4.794684081951139,0,0.0,0.00023544635896570264,5.402887107582833e-08,4.623174205999863e-08,0.0,Very rare (<1e-4),Shallow zero
SRS2821972,test,1,112467,2000,0,0.0,-8.0,1,105,1.0,104,0.0002949572894525,0.7613293051359517,0.0005100745519865,0.0049446880695865,2.800937380376633e-05,-4.552541574853518,0,0.0,0.00029495728945250335,3.183034646977433e-05,4.199901371691978e-05,0.0,Very rare (<1e-4),Shallow zero
SRS2822298,test,1,174794,2000,29,0.0145,-1.8386316982516926,0,14,0.1794871794871795,77,0.0104154239974921,1.0,0.0056196577058383,0.0278447048516044,0.02180551658110629,-1.661433421097531,0,0.0145,0.010415423997492217,0.014368375562951712,0.012909662310306037,3.4011973816621555,Dominant (>=1e-2),Detected in shallow
SRS2822298,test,3,45066,2000,0,0.0,-8.0,1,78,1.0,77,0.0002552058365144,0.7009063444108762,0.0004521731583577,0.0025439028393238,3.3013651144748354e-05,-4.481174912164792,0,0.0,0.0002552058365144029,1.6839703753641418e-05,5.638679405683002e-06,0.0,Very rare (<1e-4),Shallow zero
SRS2822236,test,1,55552,2000,0,0.0,-8.0,1,62,1.0,61,0.0004886600606367,0.6918429003021148,0.0006489186472599,0.0034648909100752,0.0,-8.0,0,0.0,0.0004886600606367055,6.683264816572867e-08,7.11305717825159e-08,0.0,Reference zero,Shallow zero
SRS2822089,test,1,228316,2000,1,0.0005,-3.3010213098612007,0,91,0.7777777777777778,116,0.0015487785003433,0.9879154078549848,0.0037244233712917,0.0598274912828041,0.0009236046971896027,-3.034509164908652,0,0.0005,0.0015487785003433176,0.0004583657532122073,0.0006652355478809489,0.6931471805599453,Rare (1e-4 to 1e-3),Detected in shallow
SRS2821972,test,5,73737,2000,0,0.0,-8.0,1,112,1.0,111,0.0006970791518131,0.743202416918429,0.003217601419826,0.0535319194862662,0.00015871978488800922,-3.799341572307557,0,0.0,0.000697079151813108,8.034295557016484e-05,5.556108636763294e-05,0.0,Rare (1e-4 to 1e-3),Shallow zero
SRS2822185,test,4,49837,2000,0,0.0,-8.0,1,111,1.0,110,0.0002350817207674,0.4290030211480362,0.0012369187030124,0.0122225085594374,0.0,-8.0,0,0.0,0.00023508172076740265,4.135236656434343e-07,4.921616728402969e-07,0.0,Reference zero,Shallow zero
SRS2822063,test,3,176063,2000,1,0.0005,-3.3010213098612007,0,73,0.9012345679012346,80,0.0001899694382991,0.5075528700906344,0.0003739394745769,0.0021271714875602,0.00038711562340223494,-3.4121480822746593,0,0.0005,0.00018996943829910213,0.00022397043006504072,0.00046348573619285307,0.6931471805599453,Rare (1e-4 to 1e-3),Detected in shallow
SRS2821890,test,4,112003,2000,0,0.0,-8.0,1,109,1.0,108,0.0003350131312509,0.7099697885196374,0.0011605101953537,0.0105522335561027,4.1363335539377896e-05,-4.38327946465076,0,0.0,0.0003350131312509038,3.120005714845942e-05,2.9831498067650036e-05,0.0,Very rare (<1e-4),Shallow zero
SRS2822025,test,4,57440,2000,0,0.0,-8.0,1,73,1.0,72,0.0019832102085078,0.9848942598187312,0.0109299056296734,0.1942510747756012,4.845782957381339e-05,-4.3145464278782555,0,0.0,0.0019832102085078226,6.065431671359841e-05,7.515172204662353e-05,0.0,Very rare (<1e-4),Shallow zero
SRS2822230,test,4,149687,2000,0,0.0,-8.0,1,98,1.0,97,0.0002005772458831,0.2990936555891239,0.0010210793411067,0.0119213770644335,3.7644224434866085e-05,-4.424186293146339,0,0.0,0.00020057724588310228,1.0544100761667768e-07,8.30171730065968e-08,0.0,Very rare (<1e-4),Shallow zero
SRS2821932,test,5,118090,2000,159,0.0795,-1.0996328167152964,0,5,0.052083333333333336,95,0.0508609229361784,0.9577039274924471,0.0607665946530233,0.2486033124478452,0.07894183917476262,-1.1026927046824664,0,0.0795,0.05086092293617898,0.08416355476733169,0.08008653944412929,5.075173815233827,Dominant (>=1e-2),Detected in shallow
SRS2822153,test,2,71581,2000,0,0.0,-8.0,1,103,1.0,102,9.826839780148766e-05,0.3474320241691843,0.0009270886668867,0.0159958271755194,0.0,-8.0,0,0.0,9.826839780148877e-05,3.422758325091421e-07,3.3464700554806873e-07,0.0,Reference zero,Shallow zero
SRS2821893,test,3,219738,2000,0,0.0,-8.0,1,79,1.0,78,0.0002034288936819,0.6797583081570997,0.0006065035517112,0.0052514752855828,0.0,-8.0,0,0.0,0.00020342889368190232,3.2173146214803626e-06,2.2202780148931736e-06,0.0,Reference zero,Shallow zero
SRS2821928,test,4,6794,2000,23,0.0115,-1.939301781999177,0,22,0.21359223300970873,102,0.0343481275500017,1.0,0.0361066054078862,0.1761113870036234,0.011095611461189411,-1.9548483680956301,0,0.0115,0.03434812755000209,0.011240307960790638,0.01153714471174186,3.1780538303479458,Dominant (>=1e-2),Detected in shallow
SRS2821894,test,3,33751,2000,1,0.0005,-3.3010213098612007,0,50,0.7142857142857143,69,0.0072486117675203,0.9335347432024168,0.0167324478370842,0.1843301919655045,0.0007253384912959381,-3.1394532879342396,0,0.0005,0.007248611767520383,0.000435522573836185,0.00021858104277384244,0.6931471805599453,Rare (1e-4 to 1e-3),Detected in shallow
SRS2822279,test,1,258129,2000,0,0.0,-8.0,1,108,1.0,107,8.449452780938014e-05,0.2447129909365558,0.0004043438129545,0.0047410347584001,2.797046319087044e-05,-4.553145100438399,0,0.0,8.44945278093811e-05,1.5427653963640835e-07,1.0413560154293946e-07,0.0,Very rare (<1e-4),Shallow zero
SRS2822026,test,2,197525,2000,1,0.0005,-3.3010213098612007,0,44,0.6666666666666666,65,0.0149063691471301,0.9818731117824774,0.015211866148449,0.0666564299424184,0.0005363316828364284,-3.270558449685464,0,0.0005,0.014906369147130269,0.0006963796181969547,0.00042189681489863783,0.6931471805599453,Rare (1e-4 to 1e-3),Detected in shallow
SRS2822053,test,5,86908,2000,0,0.0,-8.0,1,65,1.0,64,0.0002443500360949,0.8549848942598187,0.0004383498900631,0.0030002961665743,6.50584224633721e-05,-4.186629722292692,0,0.0,0.0002443500360949028,8.597427820246613e-06,1.394851150703613e-05,0.0,Very rare (<1e-4),Shallow zero
SRS2821925,test,4,163285,2000,0,0.0,-8.0,1,48,1.0,47,0.0021622525192264,0.8096676737160121,0.0026104987996991,0.0142571503086151,0.0,-8.0,0,0.0,0.0021622525192264244,1.9018337396941262e-08,6.342427468850535e-08,0.0,Reference zero,Shallow zero
SRS2821932,test,4,214696,2000,0,0.0,-8.0,1,102,1.0,101,0.0002956610022648,0.716012084592145,0.0006027131937615,0.0039938612872806,0.0002701431758832181,-3.5683899225891587,0,0.0,0.0002956610022648034,9.130003853660906e-06,1.172768898963347e-05,0.0,Rare (1e-4 to 1e-3),Shallow zero
SRS2822063,test,4,214696,2000,0,0.0,-8.0,1,82,1.0,81,0.0002956610022648,0.716012084592145,0.0006027131937615,0.0039938612872806,9.495288875903876e-05,-4.022446082669431,0,0.0,0.0002956610022648034,2.3589591447720792e-06,2.5127169897997484e-06,0.0,Very rare (<1e-4),Shallow zero
SRS2822262,test,1,49520,2000,0,0.0,-8.0,1,69,1.0,68,0.0001272439773504,0.6435045317220544,0.0002923513138287,0.0022742821219237,0.0,-8.0,0,0.0,0.00012724397735040143,1.2115192509732932e-07,2.677986501171668e-07,0.0,Reference zero,Shallow zero
SRS2821946,test,5,26524,2000,0,0.0,-8.0,1,47,1.0,46,0.0003335211770506,0.486404833836858,0.0013181984640334,0.0174302355907154,0.00018638556961501026,-3.7295644144853646,0,0.0,0.0003335211770506038,6.805596008983756e-08,1.402867939081727e-07,0.0,Rare (1e-4 to 1e-3),Shallow zero
SRS2821968,test,5,24669,2000,3,0.0015,-2.8239058456574235,0,45,0.7758620689655172,57,0.0008909919195333,0.770392749244713,0.0025112470412891,0.0219011617973688,0.0025221753053532464,-2.598223008906483,0,0.0015,0.0008909919195333101,0.0012345440178962435,0.0009935863523342031,1.3862943611198906,Common (1e-3 to 1e-2),Detected in shallow
SRS2822236,test,2,234685,2000,0,0.0,-8.0,1,57,1.0,56,0.0061821605630215,0.9969788519637462,0.0044051631371701,0.0223335404762265,0.0003547806695218064,-3.4500278100028696,0,0.0,0.00618216056302157,0.000595339145077334,0.0003857208624092148,0.0,Rare (1e-4 to 1e-3),Shallow zero
SRS2821925,test,5,116634,2000,0,0.0,-8.0,1,46,1.0,45,0.0017111933344,0.8731117824773413,0.0051281168015429,0.042106080156782,0.00015295977158007445,-3.815394381816409,0,0.0,0.0017111933344000194,9.69673956635179e-05,3.5728322260527956e-05,0.0,Rare (1e-4 to 1e-3),Shallow zero
SRS2822111,test,4,233398,2000,7,0.0035,-2.45593071481012,0,28,0.417910447761194,66,0.0032046452428914,0.9969788519637462,0.0028195239268681,0.0189130815480707,0.005569207756824617,-2.254205800832014,0,0.0035,0.0032046452428914365,0.004140823353019325,0.0031489661733316967,2.0794415416798357,Common (1e-3 to 1e-2),Detected in shallow
SRS2821991,test,3,33751,2000,0,0.0,-8.0,1,81,1.0,80,0.0072486117675203,0.9335347432024168,0.0167324478370842,0.1843301919655045,0.0001248931203105035,-3.903426712012522,0,0.0,0.007248611767520383,4.3496147025771005e-06,1.0284970507379016e-05,0.0,Rare (1e-4 to 1e-3),Shallow zero
SRS2822243,test,1,250171,2000,6,0.003,-2.5228772976344773,0,35,0.4605263157894737,75,0.0027770875829705,0.9274924471299094,0.0083625122879893,0.0924635205744878,0.002547792483157211,-2.593834243448092,0,0.003,0.002777087582970532,0.002504746711197793,0.002448190944556338,1.9459101490553132,Common (1e-3 to 1e-2),Detected in shallow
SRS2821894,test,2,90282,2000,0,0.0,-8.0,1,68,1.0,67,0.0002832277632027,0.4712990936555891,0.0009079659125974,0.0061979405784744,0.0,-8.0,0,0.0,0.0002832277632027032,5.664876975145947e-07,3.1412139296404163e-07,0.0,Reference zero,Shallow zero
SRS2821860,test,3,175420,2000,0,0.0,-8.0,1,94,1.0,93,8.94796937280873e-05,0.4501510574018127,0.000282274304335,0.0032393120747838,0.00015581987222770477,-3.8073492854304964,0,0.0,8.947969372808832e-05,9.597405823069238e-07,1.1791608396885963e-06,0.0,Rare (1e-4 to 1e-3),Shallow zero
SRS2821901,test,3,5378,2000,0,0.0,-8.0,1,91,1.0,90,0.0001039061921997,0.622356495468278,0.0002665073499698,0.0020611394163964,0.0,-8.0,0,0.0,0.00010390619219970117,1.9905777769701046e-06,1.5132460456205031e-06,0.0,Reference zero,Shallow zero
SRS2822180,test,5,103906,2000,0,0.0,-8.0,1,69,1.0,68,0.0004356646305359,0.9365558912386708,0.0006993859073191,0.0051285988483685,3.627196721014164e-05,-4.44030917350424,0,0.0,0.00043566463053590495,2.5560364138886913e-06,1.6521243406729556e-05,0.0,Very rare (<1e-4),Shallow zero
SRS2821916,test,2,14807,2000,41,0.0205,-1.6882459270933305,0,11,0.18333333333333332,59,0.0282444378465975,1.0,0.0151177018539326,0.0872868217054263,0.02162944195319979,-1.6649544845699942,0,0.0205,0.02824443784659782,0.021459559457069347,0.02319192549355337,3.7376696182833684,Dominant (>=1e-2),Detected in shallow
SRS2822025,test,4,73737,2000,0,0.0,-8.0,1,73,1.0,72,0.0006970791518131,0.743202416918429,0.003217601419826,0.0535319194862662,0.0,-8.0,0,0.0,0.000697079151813108,4.3865283814321813e-07,5.771203175683059e-07,0.0,Reference zero,Shallow zero
SRS2822220,test,2,180216,2000,0,0.0,-8.0,1,58,1.0,57,8.460981083557392e-05,0.4682779456193353,0.0001980883581805,0.0011838795073745,0.0,-8.0,0,0.0,8.460981083557489e-05,4.987805191484375e-08,5.888095906586461e-08,0.0,Reference zero,Shallow zero
SRS2821969,test,2,227739,2000,5,0.0025,-2.6020582541535093,0,29,0.3625,79,0.1169303890828114,1.0,0.1254584030269547,0.4966737721569693,0.003088252761610643,-2.5102857552719544,0,0.0025,0.11693038908281272,0.003038384670956754,0.003265174625051613,1.791759469228055,Common (1e-3 to 1e-2),Detected in shallow
SRS2821970,test,2,127774,2000,41,0.0205,-1.6882459270933305,0,12,0.10909090909090909,109,0.0075133189338517,0.7522658610271903,0.0512745078912388,0.5322550451158785,0.019328370426726502,-1.7138045350663011,0,0.0205,0.007513318933851785,0.021055987654563964,0.020686320277738725,3.7376696182833684,Dominant (>=1e-2),Detected in shallow
SRS2822063,test,3,163285,2000,0,0.0,-8.0,1,81,1.0,80,0.0021622525192264,0.8096676737160121,0.0026104987996991,0.0142571503086151,7.304068366079905e-06,-5.135840984540429,0,0.0,0.0021622525192264244,3.0760145844535678e-06,3.0058133409807826e-06,0.0,Very rare (<1e-4),Shallow zero
SRS2821875,test,4,121481,2000,0,0.0,-8.0,1,102,1.0,101,0.0008315500769304,0.3323262839879154,0.002063896486357,0.0119995955192521,0.0,-8.0,0,0.0,0.0008315500769304094,7.535256767053223e-09,1.731140429384177e-08,0.0,Reference zero,Shallow zero
SRS2821991,test,4,6794,2000,5,0.0025,-2.6020582541535093,0,32,0.34408602150537637,92,0.0343481275500017,1.0,0.0361066054078862,0.1761113870036234,0.0024786480800084543,-2.6057833781160653,0,0.0025,0.03434812755000209,0.0022963448154131334,0.002700068140562239,1.791759469228055,Common (1e-3 to 1e-2),Detected in shallow
SRS2822153,test,5,83909,2000,1,0.0005,-3.3010213098612007,0,93,0.8532110091743119,108,0.0002642183060732,0.6253776435045317,0.0005672189765421,0.0059502664298401,0.00024586385289146137,-3.609287653240662,0,0.0005,0.000264218306073203,0.00028714087788089425,0.0003187384221883176,0.6931471805599453,Rare (1e-4 to 1e-3),Detected in shallow
SRS2822133,test,4,146804,2000,0,0.0,-8.0,1,109,1.0,108,0.0001188064407762,0.6978851963746223,0.0004070488323287,0.0048127845396264,0.0,-8.0,0,0.0,0.00011880644077620135,1.8302895305120913e-06,1.6390047539553118e-06,0.0,Reference zero,Shallow zero
SRS2822063,test,5,29321,2000,0,0.0,-8.0,1,72,1.0,71,0.0001117400921432,0.6132930513595166,0.000315810437811,0.0026350203970097,0.00035059528157183544,-3.4551815459141375,0,0.0,0.00011174009214320126,1.2354189201988412e-05,5.602111665095431e-06,0.0,Rare (1e-4 to 1e-3),Shallow zero
SRS2822253,test,2,250391,2000,0,0.0,-8.0,1,109,1.0,108,0.0001980050490434,0.2084592145015106,0.0007778528445891,0.0046076537794218,0.0,-8.0,0,0.0,0.00019800504904340225,2.996761808263518e-08,2.6443658714017856e-08,0.0,Reference zero,Shallow zero
SRS2821928,test,4,157587,2000,1,0.0005,-3.3010213098612007,0,81,0.7864077669902912,102,0.000654111289356,0.8036253776435045,0.0019159370545271,0.0210642701216227,8.01706030432761e-05,-4.0959306817175465,0,0.0005,0.0006541112893560073,0.0003594651621496587,0.000308867706835296,0.6931471805599453,Very rare (<1e-4),Detected in shallow
SRS2822000,test,3,227167,2000,0,0.0,-8.0,1,111,1.0,110,9.329050595008692e-05,0.4501510574018127,0.0003371612194061,0.0045480240505678,5.747346641633779e-05,-4.240457050557032,0,0.0,9.329050595008797e-05,2.4076367211284527e-05,1.960085537569807e-05,0.0,Very rare (<1e-4),Shallow zero
SRS2822268,test,3,262354,2000,0,0.0,-8.0,1,76,1.0,75,0.0002552251792692,0.5045317220543807,0.0005935587538322,0.0035999343077681,0.0005264567612749491,-3.2786290429980736,0,0.0,0.00025522517926920287,1.1254652929593655e-07,1.3487661527072452e-07,0.0,Rare (1e-4 to 1e-3),Shallow zero
SRS2822185,test,3,10583,2000,0,0.0,-8.0,1,119,1.0,118,0.0001344425582233,0.8036253776435045,0.0001845876318963,0.0013976497416186,0.00010557750897408828,-3.976387455897762,0,0.0,0.0001344425582233015,1.20702615774444e-05,1.7699436677252654e-05,0.0,Rare (1e-4 to 1e-3),Shallow zero
SRS2821968,test,5,125146,2000,0,0.0,-8.0,1,58,1.0,57,0.0003225976755049,0.918429003021148,0.0008169752872318,0.0123524234422895,2.8339048374755574e-05,-4.547461514990793,0,0.0,0.00032259767550490363,3.366345044258771e-05,2.744168572177027e-05,0.0,Very rare (<1e-4),Shallow zero
SRS2821969,test,2,79943,2000,0,0.0,-8.0,1,80,1.0,79,0.0012701659821695,0.2084592145015106,0.0076001453449412,0.091807566341469,0.0,-8.0,0,0.0,0.0012701659821695143,5.7507803021115745e-08,4.239902835647111e-08,0.0,Reference zero,Shallow zero
SRS2821991,test,5,93005,2000,0,0.0,-8.0,1,100,1.0,99,0.0002159705125091,0.797583081570997,0.0003277935376995,0.0021826656347556,4.803581550403981e-05,-4.318344430735098,0,0.0,0.00021597051250910244,3.58035764316649e-05,2.9257296758405682e-05,0.0,Very rare (<1e-4),Shallow zero
SRS2821905,test,4,189462,2000,0,0.0,-8.0,1,87,1.0,86,0.000144266233978,0.8700906344410876,0.0001666767569086,0.0009350448719903,1.475524733483345e-05,-4.83075927370712,0,0.0,0.00014426623397800162,6.356032333900316e-06,8.795306983170778e-06,0.0,Very rare (<1e-4),Shallow zero
SRS2822060,test,5,192431,2000,0,0.0,-8.0,1,75,1.0,74,0.0001661506473655,0.6978851963746223,0.0002586186625329,0.0016578491844844,0.0,-8.0,0,0.0,0.00016615064736550186,8.269210348398524e-07,2.0540458954139944e-06,0.0,Reference zero,Shallow zero
SRS2822168,test,4,95651,2000,0,0.0,-8.0,1,71,1.0,70,0.0001803783081447,0.2930513595166163,0.0008334893394399,0.0106651785022244,0.0,-8.0,0,0.0,0.00018037830814470203,2.0150748266763165e-08,3.136095108115519e-08,0.0,Reference zero,Shallow zero
SRS2821928,test,3,211440,2000,0,0.0,-8.0,1,106,1.0,105,0.0002081052092779,0.2628398791540785,0.0011254043340116,0.0089358993685409,0.0,-8.0,0,0.0,0.00020810520927790237,1.4244303350363413e-07,1.2088314496290595e-07,0.0,Reference zero,Shallow zero
SRS2821870,test,5,25843,2000,0,0.0,-8.0,1,100,1.0,99,0.0001249783468448,0.5498489425981873,0.000523071750498,0.0060368482947863,0.0,-8.0,0,0.0,0.0001249783468448014,2.3001598093536064e-06,1.7875806955771325e-06,0.0,Reference zero,Shallow zero
SRS2821969,test,5,187492,2000,0,0.0,-8.0,1,78,1.0,77,0.000122105156686,0.6012084592145015,0.0004162651301673,0.0043488001265105,0.0,-8.0,0,0.0,0.00012210515668600137,1.0285354547717849e-05,3.840145826261414e-06,0.0,Reference zero,Shallow zero
SRS2821881,test,1,81893,2000,0,0.0,-8.0,1,53,1.0,52,0.0001459665581349,0.120845921450151,0.0012360107848366,0.0145619927815909,8.474289007152299e-05,-4.071845483440935,0,0.0,0.00014596655813490166,2.5583138881290208e-08,2.1322468698071193e-08,0.0,Very rare (<1e-4),Shallow zero
SRS2822133,test,5,249900,2000,0,0.0,-8.0,1,107,1.0,106,0.0007808646005963,0.9486404833836858,0.0021385648679012,0.026292831142264,0.00011088728307675249,-3.955079093699605,0,0.0,0.0007808646005963089,0.00015734139804949115,0.00014293015865587217,0.0,Rare (1e-4 to 1e-3),Shallow zero
SRS2821969,test,1,83222,2000,17,0.0085,-2.070580563351323,0,13,0.15476190476190477,83,0.0085439657592128,0.9093655589123868,0.009528083363703,0.034005753453848,0.008385794037296593,-2.076455290574846,0,0.0085,0.008543965759212898,0.010996448868086477,0.011420989022613149,2.8903717578961645,Common (1e-3 to 1e-2),Detected in shallow
SRS2821970,test,3,134697,2000,0,0.0,-8.0,1,117,1.0,116,0.0001091426857457,0.6404833836858006,0.0001658213618932,0.0012700182758727,0.00026002292053892156,-3.584971666247131,0,0.0,0.00010914268574570124,0.0001775618733380213,8.337746783779742e-05,0.0,Rare (1e-4 to 1e-3),Shallow zero
SRS2821970,test,4,180216,2000,3,0.0015,-2.8239058456574235,0,64,0.5614035087719298,113,8.460981083557392e-05,0.4682779456193353,0.0001980883581805,0.0011838795073745,0.0008282211543091577,-3.081848437332699,0,0.0015,8.460981083557489e-05,0.0005903647278197542,0.0006907248161079074,1.3862943611198906,Rare (1e-4 to 1e-3),Detected in shallow
SRS2822136,test,3,146247,2000,0,0.0,-8.0,1,51,1.0,50,0.0001146733348428,0.2326283987915408,0.0012743383610444,0.0179798771723507,0.0,-8.0,0,0.0,0.0001146733348428013,2.067576619609837e-11,2.180528411438612e-09,0.0,Reference zero,Shallow zero
SRS2821931,test,5,42738,2000,16,0.008,-2.0969094701402935,0,19,0.2,94,0.004662586966442,0.9939577039274924,0.003631630128436,0.0198352032752053,0.006932617708279576,-2.1591021213908856,0,0.008,0.004662586966442053,0.007777530164282633,0.00746661772469414,2.833213344056216,Common (1e-3 to 1e-2),Detected in shallow
SRS2821968,test,2,67192,2000,0,0.0,-8.0,1,68,1.0,67,0.000115056693052,0.7643504531722054,0.0002700851744775,0.0031180160046139,0.0,-8.0,0,0.0,0.0001150566930520013,1.0482525394738855e-05,4.033850846855551e-06,0.0,Reference zero,Shallow zero
SRS2821835,test,1,241754,2000,0,0.0,-8.0,1,64,1.0,63,0.0002289516523631,0.4833836858006042,0.0013338621329692,0.016593886462882,0.0,-8.0,0,0.0,0.0002289516523631026,1.4913704742253577e-07,1.2966272402613983e-07,0.0,Reference zero,Shallow zero
SRS2822220,test,4,85004,2000,0,0.0,-8.0,1,62,1.0,61,9.131132852482518e-05,0.3202416918429003,0.0003042877678292,0.0035720508799442,0.0,-8.0,0,0.0,9.13113285248262e-05,2.491017786636487e-09,7.927817769947466e-09,0.0,Reference zero,Shallow zero
SRS2822275,test,3,214696,2000,0,0.0,-8.0,1,71,1.0,70,0.0002956610022648,0.716012084592145,0.0006027131937615,0.0039938612872806,0.0,-8.0,0,0.0,0.0002956610022648034,2.3424763230785693e-06,1.3525363165365414e-06,0.0,Reference zero,Shallow zero
SRS2821901,test,3,10583,2000,0,0.0,-8.0,1,91,1.0,90,0.0001344425582233,0.8036253776435045,0.0001845876318963,0.0013976497416186,0.00010248631807653678,-3.989291735269332,0,0.0,0.0001344425582233015,6.03046806998757e-06,4.785650124074664e-06,0.0,Rare (1e-4 to 1e-3),Shallow zero
SRS2822180,test,3,92333,2000,0,0.0,-8.0,1,68,1.0,67,0.0003802576700743,0.8308157099697885,0.0009877665946945,0.0074142896961813,0.0,-8.0,0,0.0,0.00038025767007430426,2.1085468421401476e-06,4.108654850642149e-06,0.0,Reference zero,Shallow zero
SRS2821835,test,3,73614,2000,0,0.0,-8.0,1,59,1.0,58,0.0005529446483244,0.7190332326283988,0.001265142960792,0.0127592011630576,0.0002506014434643144,-3.6009991020572034,0,0.0,0.0005529446483244063,5.246993962988041e-05,1.880616348689877e-06,0.0,Rare (1e-4 to 1e-3),Shallow zero
SRS2821894,test,5,174794,2000,31,0.0155,-1.8096680216398107,0,17,0.27419354838709675,61,0.0104154239974921,1.0,0.0056196577058383,0.0278447048516044,0.017586830375914558,-1.7548121781981452,0,0.0155,0.010415423997492217,0.01698059818670046,0.015171394892119773,3.4657359027997265,Dominant (>=1e-2),Detected in shallow
SRS2822298,test,3,92333,2000,0,0.0,-8.0,1,78,1.0,77,0.0003802576700743,0.8308157099697885,0.0009877665946945,0.0074142896961813,0.0,-8.0,0,0.0,0.00038025767007430426,8.89065694286934e-06,8.033605884550026e-06,0.0,Reference zero,Shallow zero
SRS2822053,test,1,139050,2000,0,0.0,-8.0,1,61,1.0,60,0.0001089244535117,0.1691842900302115,0.001067666733689,0.0138131871554489,0.0,-8.0,0,0.0,0.00010892445351170123,7.056633554391907e-09,6.2984710956921145e-09,0.0,Reference zero,Shallow zero
SRS2822185,test,4,127344,2000,0,0.0,-8.0,1,111,1.0,110,0.0013332141572657,0.8217522658610272,0.0021088551872494,0.0114350630423246,0.00012066001025610089,-3.9184006503550903,0,0.0,0.001333214157265715,2.8693936443322305e-05,1.0182009772959321e-05,0.0,Rare (1e-4 to 1e-3),Shallow zero
SRS2821835,test,5,192138,2000,0,0.0,-8.0,1,53,1.0,52,9.820938868897828e-05,0.2145015105740181,0.0008801074141266,0.0145934271204249,0.0,-8.0,0,0.0,9.82093886889794e-05,4.794447535223432e-10,2.5044597152708482e-09,0.0,Reference zero,Shallow zero
SRS2822025,test,4,146804,2000,1,0.0005,-3.3010213098612007,0,71,0.9726027397260274,72,0.0001188064407762,0.6978851963746223,0.0004070488323287,0.0048127845396264,9.691565914762678e-05,-4.013561236870109,0,0.0005,0.00011880644077620135,0.00016405031073086853,0.00019267768736141988,0.6931471805599453,Very rare (<1e-4),Detected in shallow
SRS2822023,test,1,184673,2000,0,0.0,-8.0,1,79,1.0,78,0.00011717566168,0.1389728096676737,0.000872086686013,0.011156369403792,0.0,-8.0,0,0.0,0.00011717566168000133,1.2636099161376906e-09,1.5755199639738027e-08,0.0,Reference zero,Shallow zero
SRS2821894,test,3,101210,2000,53,0.0265,-1.576753962178513,0,11,0.15714285714285714,69,0.0012219404712254,0.7129909365558912,0.0036301155871149,0.028093611380207,0.026469598856277858,-1.5772524762587294,0,0.0265,0.0012219404712254139,0.02470336097360163,0.027214061716003598,3.9889840465642745,Dominant (>=1e-2),Detected in shallow
SRS2821925,test,5,93004,2000,0,0.0,-8.0,1,46,1.0,45,0.0006397457609015,0.7764350453172205,0.0009882454159657,0.0115452930728241,0.000293172895528476,-3.532861370300632,0,0.0,0.0006397457609015072,0.0003488884729999614,0.0001809748526330066,0.0,Rare (1e-4 to 1e-3),Shallow zero
SRS2822116,test,4,13412,2000,0,0.0,-8.0,1,69,1.0,68,0.0001192653093949,0.6314199395770392,0.0002055490973112,0.0013978894293702,1.0551528388887128e-05,-4.976273229261536,0,0.0,0.00011926530939490136,1.6300275009343212e-07,2.7601790663689644e-07,0.0,Very rare (<1e-4),Shallow zero
SRS2822023,test,5,69673,2000,0,0.0,-8.0,1,73,1.0,72,0.0002456286572682,0.5166163141993958,0.0006890412302388,0.0059740993884577,0.0,-8.0,0,0.0,0.00024562865726820277,2.6053254068252443e-08,5.232621043353822e-08,0.0,Reference zero,Shallow zero
SRS2822220,test,1,150643,2000,0,0.0,-8.0,1,62,1.0,61,0.0002379709266102,0.3655589123867069,0.0009094289949943,0.0076564168868401,0.0,-8.0,0,0.0,0.00023797092661020268,1.2628165704445902e-06,4.706461344655729e-07,0.0,Reference zero,Shallow zero
SRS2822111,test,1,73614,2000,6,0.003,-2.5228772976344773,0,31,0.4492753623188406,68,0.0005529446483244,0.7190332326283988,0.001265142960792,0.0127592011630576,0.001535872642769379,-2.813641967601932,0,0.003,0.0005529446483244063,0.0024911301584527243,0.0019196203275413533,1.9459101490553132,Common (1e-3 to 1e-2),Detected in shallow
