sample_id,split,subsample_repeat,otu_id,shallow_depth,shallow_count,shallow_ra,log10_shallow_ra,zero_in_shallow,shallow_rank,shallow_rank_norm,shallow_richness,otu_mean_ra_train,otu_prevalence_train,otu_std_ra_train,otu_max_ra_train,target_reference_ra,target_log10_reference_ra,is_other,pred_raw_shallow_ra,pred_training_mean_ra,pred_random_forest_ra,pred_xgboost_ra,log1p_shallow_count,abundance_group,shallow_detection_group
SRS2822068,test,5,221529,2000,0,0.0,-8.0,1,91,1.0,90,0.0001303293645103,0.540785498489426,0.0005200551937006,0.0077908798915278,6.457549682772874e-05,-4.189864995237727,0,0.0,0.00013032936451030146,8.623258947844747e-07,6.380146323057153e-07,0.0,Very rare (<1e-4),Shallow zero
SRS2822279,test,3,71581,2000,0,0.0,-8.0,1,112,1.0,111,9.826839780148766e-05,0.3474320241691843,0.0009270886668867,0.0159958271755194,8.391138957261133e-05,-4.076127333695325,0,0.0,9.826839780148877e-05,9.777385505202163e-07,6.767621827171805e-07,0.0,Very rare (<1e-4),Shallow zero
SRS2821987,test,4,9456,2000,0,0.0,-8.0,1,81,1.0,80,0.0001179264307797,0.6918429003021148,0.000235178802523,0.0014995104903771,7.739578657337892e-06,-5.110721909334661,0,0.0,0.00011792643077970135,3.2093949879645586e-07,9.715919068826613e-07,0.0,Very rare (<1e-4),Shallow zero
SRS2822183,test,3,26524,2000,0,0.0,-8.0,1,113,1.0,112,0.0003335211770506,0.486404833836858,0.0013181984640334,0.0174302355907154,0.0,-8.0,0,0.0,0.0003335211770506038,9.184921235365371e-07,8.246951680147606e-07,0.0,Reference zero,Shallow zero
SRS2822111,test,4,221529,2000,0,0.0,-8.0,1,63,1.0,62,0.0001303293645103,0.540785498489426,0.0005200551937006,0.0077908798915278,0.0,-8.0,0,0.0,0.00013032936451030146,5.557219398158205e-08,5.908645209909007e-08,0.0,Reference zero,Shallow zero
SRS2822168,test,5,102973,2000,0,0.0,-8.0,1,78,1.0,77,0.0001642302972569,0.4169184290030212,0.0008348129737885,0.0090578035750596,0.0,-8.0,0,0.0,0.00016423029725690186,1.995287026223916e-07,1.7251431883279773e-07,0.0,Reference zero,Shallow zero
SRS2822133,test,4,192431,2000,0,0.0,-8.0,1,107,1.0,106,0.0001661506473655,0.6978851963746223,0.0002586186625329,0.0016578491844844,0.0,-8.0,0,0.0,0.00016615064736550186,1.0669048928587566e-06,1.2688703510555806e-06,0.0,Reference zero,Shallow zero
SRS2821875,test,4,129390,2000,0,0.0,-8.0,1,94,1.0,93,0.0001395612755736,0.6374622356495468,0.0002292280571613,0.001612178145685,0.0002617277108062753,-3.582133700305529,0,0.0,0.00013956127557360158,3.267311835814859e-05,1.3079778386308328e-05,0.0,Rare (1e-4 to 1e-3),Shallow zero
SRS2821901,test,2,211915,2000,0,0.0,-8.0,1,92,1.0,91,0.0001747091142091,0.6314199395770392,0.000263576731316,0.0017431061580225,3.0745895422961036e-05,-4.5120716244656265,0,0.0,0.00017470911420910197,2.2852463697094245e-05,1.1645069440284644e-05,0.0,Very rare (<1e-4),Shallow zero
SRS2822063,test,4,185862,2000,0,0.0,-8.0,1,79,1.0,78,0.0005944871030864,0.8187311178247734,0.0012293091412168,0.0104048176647708,0.0005185888539916732,-3.2851684472767375,0,0.0,0.0005944871030864067,2.233635154048802e-06,7.871770921615499e-06,0.0,Rare (1e-4 to 1e-3),Shallow zero
SRS2822116,test,5,175037,2000,0,0.0,-8.0,1,65,1.0,64,0.0001830570278964,0.6435045317220544,0.0005159711415204,0.0056059711109917,9.496375549998415e-05,-4.0223963885658796,0,0.0,0.00018305702789640207,5.938664989501332e-07,3.9679409252559455e-07,0.0,Very rare (<1e-4),Shallow zero
SRS2821875,test,1,146247,2000,0,0.0,-8.0,1,94,1.0,93,0.0001146733348428,0.2326283987915408,0.0012743383610444,0.0179798771723507,0.0,-8.0,0,0.0,0.0001146733348428013,8.541022685770349e-08,1.0696279977995812e-07,0.0,Reference zero,Shallow zero
SRS2822180,test,2,11043,2000,0,0.0,-8.0,1,69,1.0,68,0.0001143891157707,0.7250755287009063,0.0002701224473978,0.0030135610246107,9.06799180253541e-06,-5.042010213762727,0,0.0,0.0001143891157707013,2.3627166850815518e-07,1.6784749684649802e-06,0.0,Very rare (<1e-4),Shallow zero
SRS2822298,test,3,9456,2000,0,0.0,-8.0,1,79,1.0,78,0.0001179264307797,0.6918429003021148,0.000235178802523,0.0014995104903771,1.6506825572374177e-05,-4.782073417601298,0,0.0,0.00011792643077970135,7.858602983437488e-07,6.439245797210799e-07,0.0,Very rare (<1e-4),Shallow zero
SRS2822280,test,2,145222,2000,1,0.0005,-3.3010213098612007,0,80,0.8421052631578947,94,0.0007604187236067,0.6918429003021148,0.0026780719289448,0.031470961865727,0.0004166106706087892,-3.380259186359874,0,0.0005,0.0007604187236067085,0.00044984019905476244,0.00038604480090435677,0.6931471805599453,Rare (1e-4 to 1e-3),Detected in shallow
SRS2822080,test,5,182860,2000,0,0.0,-8.0,1,92,1.0,91,0.0008390357207221,0.9667673716012084,0.0023867981127546,0.0349421542369605,4.1164686187875625e-05,-4.385369702113116,0,0.0,0.0008390357207221095,0.00024150181081147723,0.00012436285357869797,0.0,Very rare (<1e-4),Shallow zero
SRS2822153,test,4,232457,2000,1,0.0005,-3.3010213098612007,0,111,0.9823008849557522,112,8.391437579752134e-05,0.4380664652567976,0.0001503158490189,0.0009858625280767,0.00022537519848383957,-3.647074608378044,0,0.0005,8.391437579752229e-05,0.00021282149227559122,0.00017778105655839996,0.6931471805599453,Rare (1e-4 to 1e-3),Detected in shallow
SRS2822236,test,5,7129,2000,0,0.0,-8.0,1,60,1.0,59,0.0001456493903082,0.4773413897280967,0.000590290679913,0.0063272737341991,0.0,-8.0,0,0.0,0.00014564939030820167,3.1773496646454283e-08,3.803487906853744e-08,0.0,Reference zero,Shallow zero
SRS2822183,test,2,232457,2000,0,0.0,-8.0,1,111,1.0,110,8.391437579752134e-05,0.4380664652567976,0.0001503158490189,0.0009858625280767,4.595852243350376e-05,-4.337539455555518,0,0.0,8.391437579752229e-05,0.00010885482837047864,5.1260744608464446e-05,0.0,Very rare (<1e-4),Shallow zero
SRS2822129,test,5,118090,2000,223,0.1115,-0.9527250936656445,0,2,0.017699115044247787,112,0.0508609229361784,0.9577039274924471,0.0607665946530233,0.2486033124478452,0.10451120461884725,-0.9808371049045062,0,0.1115,0.05086092293617898,0.11101821876642515,0.11532875684998474,5.4116460518550396,Dominant (>=1e-2),Detected in shallow
SRS2821972,test,5,83909,2000,2,0.001,-2.9999956570768957,0,70,0.6730769230769231,103,0.0002642183060732,0.6253776435045317,0.0005672189765421,0.0059502664298401,0.0005695239340099155,-3.2444803946503673,0,0.001,0.000264218306073203,0.000517118966808921,0.0005524711439184466,1.0986122886681098,Rare (1e-4 to 1e-3),Detected in shallow
SRS2822111,test,4,168997,2000,3,0.0015,-2.8239058456574235,0,41,0.6507936507936508,62,0.0003494230173817,0.5196374622356495,0.0011893367381893,0.0116778069650706,0.0012954751856402587,-2.8875675489703023,0,0.0015,0.00034942301738170395,0.0013498828485842764,0.0013333817728122758,1.3862943611198906,Common (1e-3 to 1e-2),Detected in shallow
SRS2822168,test,4,99344,2000,0,0.0,-8.0,1,68,1.0,67,9.211405798961762e-05,0.6283987915407855,0.0001054085651696,0.000696605732391,8.41841950187009e-05,-4.074717850997436,0,0.0,9.211405798961866e-05,4.753970375011044e-08,7.147550577596801e-08,0.0,Very rare (<1e-4),Shallow zero
SRS2822000,test,3,28602,2000,68,0.034,-1.4685209552240925,0,9,0.08823529411764706,101,0.0147755809298305,1.0,0.0135068994825057,0.0547245191861005,0.03913943062952604,-1.4073853854548732,0,0.034,0.014775580929830667,0.034413944543626694,0.03480294799624176,4.23410650459726,Dominant (>=1e-2),Detected in shallow
SRS2821968,test,5,222950,2000,0,0.0,-8.0,1,62,1.0,61,0.0001302223109175,0.4078549848942598,0.0002588689807413,0.0015302319752524,0.0,-8.0,0,0.0,0.00013022231091750148,0.0,2.1907298809534678e-10,0.0,Reference zero,Shallow zero
SRS2821928,test,3,192431,2000,0,0.0,-8.0,1,107,1.0,106,0.0001661506473655,0.6978851963746223,0.0002586186625329,0.0016578491844844,0.0,-8.0,0,0.0,0.00016615064736550186,1.074158631454719e-06,1.2093063669225612e-06,0.0,Reference zero,Shallow zero
SRS2822256,test,1,78621,2000,0,0.0,-8.0,1,85,1.0,84,0.0001351882838644,0.56797583081571,0.0003541799624757,0.0035969250677165,0.0001452874049027895,-3.837742142387892,0,0.0,0.00013518828386440153,2.577606283126336e-06,1.2427127665759158e-06,0.0,Rare (1e-4 to 1e-3),Shallow zero
SRS2821925,test,4,117212,2000,0,0.0,-8.0,1,48,1.0,47,0.00020029076209,0.9305135951661632,0.0001987850969851,0.001337816399498,0.0,-8.0,0,0.0,0.00020029076209000226,6.60941929605562e-05,3.2288708644709665e-05,0.0,Reference zero,Shallow zero
SRS2821892,test,3,39261,2000,1,0.0005,-3.3010213098612007,0,95,0.8189655172413793,115,0.0005936649204949,0.8157099697885196,0.0008587361748811,0.0042032418373507,0.0007619607790714773,-3.118061683163477,0,0.0005,0.0005936649204949067,0.00041706277196877054,0.0002629300020148278,0.6931471805599453,Rare (1e-4 to 1e-3),Detected in shallow
SRS2821854,test,1,210905,2000,0,0.0,-8.0,1,90,1.0,89,0.0001127898579517,0.6163141993957704,0.0003650980735082,0.0045757583212379,0.0,-8.0,0,0.0,0.00011278985795170127,2.151438488450858e-06,1.6402556604308879e-06,0.0,Reference zero,Shallow zero
SRS2822111,test,3,260520,2000,6,0.003,-2.5228772976344773,0,28,0.3835616438356164,72,0.0007085178752408,0.525679758308157,0.0016227750016784,0.00947160589283,0.0023371974998664465,-2.6313027287517294,0,0.003,0.000708517875240808,0.002511639887383827,0.0028521007948654645,1.9459101490553132,Common (1e-3 to 1e-2),Detected in shallow
SRS2821824,test,2,139050,2000,0,0.0,-8.0,1,119,1.0,118,0.0001089244535117,0.1691842900302115,0.001067666733689,0.0138131871554489,0.0,-8.0,0,0.0,0.00010892445351170123,1.6685001877397776e-07,7.632871270284885e-08,0.0,Reference zero,Shallow zero
SRS2822168,test,4,79943,2000,0,0.0,-8.0,1,68,1.0,67,0.0012701659821695,0.2084592145015106,0.0076001453449412,0.091807566341469,0.0,-8.0,0,0.0,0.0012701659821695143,2.0261147951890404e-08,3.396741644083027e-08,0.0,Reference zero,Shallow zero
SRS2821905,test,4,260520,2000,0,0.0,-8.0,1,77,1.0,76,0.0007085178752408,0.525679758308157,0.0016227750016784,0.00947160589283,0.00033937068870116936,-3.4693128733593177,0,0.0,0.000708517875240808,6.666441013861855e-07,5.88170654743617e-07,0.0,Rare (1e-4 to 1e-3),Shallow zero
SRS2822136,test,3,207119,2000,0,0.0,-8.0,1,55,1.0,54,0.0020778196068682,0.8912386706948641,0.0024632456707371,0.0131605700449159,1.0107442109625317e-05,-4.994929271892383,0,0.0,0.0020778196068682235,3.8771452983604236e-07,1.6781242509484522e-07,0.0,Very rare (<1e-4),Shallow zero
SRS2822256,test,4,101509,2000,0,0.0,-8.0,1,80,1.0,79,0.0003506149536531,0.2930513595166163,0.0015501347112882,0.0150016329024577,0.0,-8.0,0,0.0,0.000350614953653104,1.710016623104227e-08,2.7185981461502407e-08,0.0,Reference zero,Shallow zero
SRS2821843,test,5,66728,2000,2,0.001,-2.9999956570768957,0,69,0.6509433962264151,105,0.0003836266399621,0.6978851963746223,0.0007673526594138,0.0055927798309006,0.0014172612647835013,-2.8485470181197754,0,0.001,0.00038362663996210434,0.000727194294832643,0.0006950493746431785,1.0986122886681098,Common (1e-3 to 1e-2),Detected in shallow
SRS2822120,test,3,95092,2000,0,0.0,-8.0,1,103,1.0,102,0.000215510403044,0.5045317220543807,0.0010910212379472,0.017478415210132,0.0,-8.0,0,0.0,0.00021551040304400244,1.479677322312765e-06,9.740972046039662e-07,0.0,Reference zero,Shallow zero
SRS2821860,test,2,6864,2000,0,0.0,-8.0,1,91,1.0,90,0.0001286923847759,0.2930513595166163,0.0003793532834035,0.0027095443465216,0.0,-8.0,0,0.0,0.00012869238477590146,2.5646345805593473e-08,3.3050433505008035e-08,0.0,Reference zero,Shallow zero
SRS2821970,test,1,34262,2000,0,0.0,-8.0,1,109,1.0,108,0.0007483980248292,0.9395770392749244,0.000999256381279,0.0145350534119432,0.0002889143561543573,-3.539215845841589,0,0.0,0.0007483980248292084,0.0002314315720766008,0.00014531343263293276,0.0,Rare (1e-4 to 1e-3),Shallow zero
SRS2821991,test,2,132485,2000,0,0.0,-8.0,1,91,1.0,90,9.724252693523532e-05,0.2900302114803625,0.0008348412603537,0.0125849484017115,0.00011528595720969554,-3.9381859207391496,0,0.0,9.724252693523641e-05,2.369340559346062e-07,1.121208363680766e-07,0.0,Rare (1e-4 to 1e-3),Shallow zero
SRS2822243,test,5,189417,2000,0,0.0,-8.0,1,81,1.0,80,0.0001201573041043,0.4954682779456193,0.0002157882329578,0.0018350831804097,0.0,-8.0,0,0.0,0.00012015730410430136,8.381610487572624e-08,1.462842119073293e-07,0.0,Reference zero,Shallow zero
SRS2822149,test,5,99800,2000,0,0.0,-8.0,1,94,1.0,93,0.000178945661611,0.4259818731117825,0.0008085371580639,0.0080197521832563,5.444073037683874e-05,-4.263996290444416,0,0.0,0.00017894566161100203,2.0203737073699454e-07,1.990461732580894e-07,0.0,Very rare (<1e-4),Shallow zero
SRS2822089,test,2,97979,2000,0,0.0,-8.0,1,118,1.0,117,0.0001398356969865,0.4410876132930513,0.0006051541152007,0.0063766505803793,4.712268863212258e-05,-4.326677785685088,0,0.0,0.00013983569698650157,1.978923667485808e-05,1.6208749754399375e-05,0.0,Very rare (<1e-4),Shallow zero
SRS2822243,test,5,4843,2000,0,0.0,-8.0,1,81,1.0,80,0.0002651975933892,0.7945619335347432,0.0009480217597742,0.0078377795354857,1.709927841045108e-05,-4.76676830658793,0,0.0,0.00026519759338920296,9.005648852671968e-06,7.278285171089341e-06,0.0,Very rare (<1e-4),Shallow zero
SRS2822053,test,5,77276,2000,0,0.0,-8.0,1,60,1.0,59,0.0002371714081184,0.1450151057401812,0.0017030517257961,0.0159834014513303,0.0,-8.0,0,0.0,0.00023717140811840268,0.0,8.390140036669074e-10,0.0,Reference zero,Shallow zero
SRS2822133,test,2,233976,2000,0,0.0,-8.0,1,102,1.0,101,0.0008927084313389,0.6465256797583081,0.0014619017075088,0.0086763798466207,0.0,-8.0,0,0.0,0.0008927084313389101,1.9052713544177131e-07,7.999466978239143e-07,0.0,Reference zero,Shallow zero
SRS2822243,test,2,192138,2000,0,0.0,-8.0,1,74,1.0,73,9.820938868897828e-05,0.2145015105740181,0.0008801074141266,0.0145934271204249,0.0,-8.0,0,0.0,9.82093886889794e-05,4.663792065168031e-08,3.515015682934122e-08,0.0,Reference zero,Shallow zero
SRS2822149,test,5,149687,2000,0,0.0,-8.0,1,94,1.0,93,0.0002005772458831,0.2990936555891239,0.0010210793411067,0.0119213770644335,0.0,-8.0,0,0.0,0.00020057724588310228,4.867489708356212e-08,7.043469453429058e-08,0.0,Reference zero,Shallow zero
SRS2821881,test,3,250171,2000,0,0.0,-8.0,1,51,1.0,50,0.0027770875829705,0.9274924471299094,0.0083625122879893,0.0924635205744878,8.474289007152299e-05,-4.071845483440935,0,0.0,0.002777087582970532,3.244377813643272e-05,1.8059232267371692e-05,0.0,Very rare (<1e-4),Shallow zero
SRS2821919,test,4,187492,2000,0,0.0,-8.0,1,86,1.0,85,0.000122105156686,0.6012084592145015,0.0004162651301673,0.0043488001265105,1.7313019390581722e-05,-4.7613764084859955,0,0.0,0.00012210515668600137,1.3425082999947007e-07,4.162829518882483e-07,0.0,Very rare (<1e-4),Shallow zero
SRS2821968,test,1,112852,2000,0,0.0,-8.0,1,64,1.0,63,0.0003343208348485,0.6646525679758308,0.0008769432490963,0.0129876667505663,0.0,-8.0,0,0.0,0.0003343208348485038,1.0809935313369804e-07,1.365250070841213e-07,0.0,Reference zero,Shallow zero
SRS2822111,test,4,121481,2000,0,0.0,-8.0,1,63,1.0,62,0.0008315500769304,0.3323262839879154,0.002063896486357,0.0119995955192521,6.677707142475561e-05,-4.175307599684739,0,0.0,0.0008315500769304094,1.9922514767670652e-07,6.720019215389341e-08,0.0,Very rare (<1e-4),Shallow zero
SRS2822122,test,5,27862,2000,1,0.0005,-3.3010213098612007,0,89,0.967391304347826,91,0.0001436421886614,0.6586102719033232,0.00025194628811,0.0024388528011631,0.00012681986506366354,-3.896778469599725,0,0.0005,0.00014364218866140164,0.0002507304124392462,0.0002358836983529794,0.6931471805599453,Rare (1e-4 to 1e-3),Detected in shallow
SRS2821890,test,4,207119,2000,9,0.0045,-2.34678652112688,0,27,0.23893805309734514,112,0.0020778196068682,0.8912386706948641,0.0024632456707371,0.0131605700449159,0.002826494595190823,-2.5487503041488844,0,0.0045,0.0020778196068682235,0.0045788733383387275,0.004541887405539923,2.302585092994046,Common (1e-3 to 1e-2),Detected in shallow
SRS2822025,test,2,242803,2000,0,0.0,-8.0,1,71,1.0,70,0.0005601872626808,0.6737160120845922,0.001398595788985,0.0118232283180736,3.634337218036004e-05,-4.43945529728376,0,0.0,0.0005601872626808064,2.727328239973514e-07,2.8619100464395366e-07,0.0,Very rare (<1e-4),Shallow zero
SRS2822053,test,5,9456,2000,0,0.0,-8.0,1,60,1.0,59,0.0001179264307797,0.6918429003021148,0.000235178802523,0.0014995104903771,0.0,-8.0,0,0.0,0.00011792643077970135,1.1499996702672119e-07,3.044306548407458e-07,0.0,Reference zero,Shallow zero
SRS2822279,test,2,88503,2000,0,0.0,-8.0,1,101,1.0,100,0.0004440084717553,0.7764350453172205,0.0010493723293255,0.0090218645706621,4.661743865145073e-05,-4.331358440648732,0,0.0,0.00044400847175530504,4.981795732771714e-06,4.179834124316946e-06,0.0,Very rare (<1e-4),Shallow zero
SRS2821816,test,4,230879,2000,1,0.0005,-3.3010213098612007,0,63,0.7241379310344828,86,0.0015856184968883,0.8126888217522659,0.0057585548024901,0.0600264512041966,0.0005006806127078998,-3.3004305509765186,0,0.0005,0.001585618496888318,0.0004941674545470155,0.0004154958929065155,0.6931471805599453,Rare (1e-4 to 1e-3),Detected in shallow
SRS2821824,test,1,242803,2000,0,0.0,-8.0,1,126,1.0,125,0.0005601872626808,0.6737160120845922,0.001398595788985,0.0118232283180736,0.0005829504149235306,-3.2343609343729716,0,0.0,0.0005601872626808064,7.845417248499003e-05,4.582027355428759e-05,0.0,Rare (1e-4 to 1e-3),Shallow zero
SRS2821970,test,2,181023,2000,0,0.0,-8.0,1,111,1.0,110,0.0005816964093084,0.6404833836858006,0.0010030159376034,0.0040213440569174,0.0,-8.0,0,0.0,0.0005816964093084066,2.3148479447424965e-07,3.3008605256047867e-07,0.0,Reference zero,Shallow zero
SRS2822180,test,4,258891,2000,0,0.0,-8.0,1,68,1.0,67,0.000107908434255,0.3867069486404834,0.0002697226814888,0.0033856750919385,0.00038085565570648725,-3.419228187773909,0,0.0,0.00010790843425500122,9.150836316048487e-08,3.183849660264164e-07,0.0,Rare (1e-4 to 1e-3),Shallow zero
SRS2822116,test,5,409,2000,0,0.0,-8.0,1,65,1.0,64,0.0003689609081321,0.5015105740181269,0.0015162228135537,0.0145491680182615,0.0,-8.0,0,0.0,0.0003689609081321042,2.9829646935788364e-08,5.001869619364017e-08,0.0,Reference zero,Shallow zero
SRS2821890,test,2,164928,2000,0,0.0,-8.0,1,109,1.0,108,0.0008788847666915,0.879154078549849,0.001356926727573,0.0129150498990564,9.651444959188175e-05,-4.015362666159651,0,0.0,0.00087888476669151,3.311828015232628e-05,3.4580731032107235e-05,0.0,Very rare (<1e-4),Shallow zero
SRS2821816,test,5,57440,2000,0,0.0,-8.0,1,84,1.0,83,0.0019832102085078,0.9848942598187312,0.0109299056296734,0.1942510747756012,0.00014863955689765776,-3.827836381024728,0,0.0,0.0019832102085078226,8.048038501247892e-05,7.950783647693696e-05,0.0,Rare (1e-4 to 1e-3),Shallow zero
SRS2822268,test,3,117212,2000,0,0.0,-8.0,1,66,1.0,65,0.00020029076209,0.9305135951661632,0.0001987850969851,0.001337816399498,9.236083531139459e-05,-4.034465129025304,0,0.0,0.00020029076209000226,1.2342952639143126e-05,1.8449543330225015e-05,0.0,Very rare (<1e-4),Shallow zero
SRS2821824,test,5,189417,2000,0,0.0,-8.0,1,117,1.0,116,0.0001201573041043,0.4954682779456193,0.0002157882329578,0.0018350831804097,0.0002314656059255195,-3.635494770391835,0,0.0,0.00012015730410430136,6.773130288724457e-05,3.234065819844859e-05,0.0,Rare (1e-4 to 1e-3),Shallow zero
SRS2821931,test,2,124698,2000,3,0.0015,-2.8239058456574235,0,44,0.4835164835164835,90,0.0018821350136201,0.9667673716012084,0.0028303302472964,0.0211460268919317,0.0013589995011267656,-2.8667775070110655,0,0.0015,0.0018821350136201211,0.001289373373308993,0.001211847159775777,1.3862943611198906,Common (1e-3 to 1e-2),Detected in shallow
SRS2821854,test,4,29321,2000,0,0.0,-8.0,1,96,1.0,95,0.0001117400921432,0.6132930513595166,0.000315810437811,0.0026350203970097,0.0,-8.0,0,0.0,0.00011174009214320126,1.81166952088043e-07,1.8199379199307262e-07,0.0,Reference zero,Shallow zero
SRS2821824,test,3,192431,2000,0,0.0,-8.0,1,122,1.0,121,0.0001661506473655,0.6978851963746223,0.0002586186625329,0.0016578491844844,8.572800219463686e-06,-5.066370996364076,0,0.0,0.00016615064736550186,9.77033259171405e-05,4.071472520534979e-06,0.0,Very rare (<1e-4),Shallow zero
SRS2822111,test,4,149360,2000,8,0.004,-2.39793892293719,0,21,0.3333333333333333,62,0.0036443757842617,0.9818731117824774,0.0039649076588021,0.0222320688924422,0.0037795822426411672,-2.4225550510418654,0,0.004,0.003644375784261741,0.0032260540692056272,0.0035433790634054833,2.1972245773362196,Common (1e-3 to 1e-2),Detected in shallow
SRS2821925,test,2,80933,2000,0,0.0,-8.0,1,54,1.0,53,8.703333793014278e-05,0.5347432024169184,0.0001600314615887,0.0009555506968231,0.0001274664763167287,-3.8945699497272575,0,0.0,8.703333793014377e-05,6.108176717932495e-06,2.451081418677692e-05,0.0,Rare (1e-4 to 1e-3),Shallow zero
SRS2822019,test,4,250171,2000,0,0.0,-8.0,1,90,1.0,89,0.0027770875829705,0.9274924471299094,0.0083625122879893,0.0924635205744878,0.0002284256712383527,-3.641236078130401,0,0.0,0.002777087582970532,0.00022740246331782348,4.253622307030621e-05,0.0,Rare (1e-4 to 1e-3),Shallow zero
SRS2822298,test,1,177245,2000,0,0.0,-8.0,1,78,1.0,77,0.000199397967756,0.6646525679758308,0.000264001312745,0.0018696646903982,0.0,-8.0,0,0.0,0.00019939796775600226,2.8435182746172246e-07,3.921560248784583e-07,0.0,Reference zero,Shallow zero
SRS2821925,test,2,257397,2000,0,0.0,-8.0,1,54,1.0,53,0.000157080682454,0.1903323262839879,0.0016443494252495,0.0237303171434907,0.0,-8.0,0,0.0,0.0001570806824540018,1.1593026126175293e-08,8.415612202838586e-09,0.0,Reference zero,Shallow zero
SRS2822280,test,2,99800,2000,0,0.0,-8.0,1,95,1.0,94,0.000178945661611,0.4259818731117825,0.0008085371580639,0.0080197521832563,6.719526945303052e-05,-4.172596673305506,0,0.0,0.00017894566161100203,1.4105016893009475e-07,2.1351572476179358e-07,0.0,Very rare (<1e-4),Shallow zero
SRS2822183,test,1,224005,2000,0,0.0,-8.0,1,116,1.0,115,0.0001551267007643,0.4078549848942598,0.000402133699931,0.0033242490491449,0.0,-8.0,0,0.0,0.00015512670076430176,2.4351447190293267e-06,1.3016859235488458e-06,0.0,Reference zero,Shallow zero
SRS2821916,test,2,87310,2000,3,0.0015,-2.8239058456574235,0,30,0.5084745762711864,58,0.0025290292004633,0.9909365558912386,0.0034345239529555,0.03014327231938,0.0018714325816412464,-2.727823493080099,0,0.0015,0.0025290292004633286,0.0013621748604643435,0.0014839037151038498,1.3862943611198906,Common (1e-3 to 1e-2),Detected in shallow
SRS2822218,test,4,170659,2000,0,0.0,-8.0,1,65,1.0,64,0.0006393986810023,0.7945619335347432,0.0008578753801034,0.0049339031410024,0.0,-8.0,0,0.0,0.0006393986810023073,1.305538675826208e-06,1.2228416652106685e-06,0.0,Reference zero,Shallow zero
SRS2821881,test,5,33751,2000,32,0.016,-1.7958797459101088,0,12,0.21052631578947367,56,0.0072486117675203,0.9335347432024168,0.0167324478370842,0.1843301919655045,0.017490932510762343,-1.7571867876514211,0,0.016,0.007248611767520383,0.01734315801516616,0.01759314520094742,3.4965075614664802,Dominant (>=1e-2),Detected in shallow
SRS2821894,test,4,14807,2000,104,0.052,-1.2839965728470393,0,5,0.078125,63,0.0282444378465975,1.0,0.0151177018539326,0.0872868217054263,0.05154108149020267,-1.287846388595499,0,0.052,0.02824443784659782,0.051887259162243536,0.050689072629971556,4.653960350157523,Dominant (>=1e-2),Detected in shallow
SRS2821824,test,1,254595,2000,0,0.0,-8.0,1,126,1.0,125,0.0001620413678883,0.676737160120846,0.0009144996576869,0.0118230026949491,7.715520197517317e-05,-4.112578502736796,0,0.0,0.00016204136788830186,4.485724510940388e-05,4.893350737443469e-05,0.0,Very rare (<1e-4),Shallow zero
SRS2821916,test,5,9456,2000,0,0.0,-8.0,1,66,1.0,65,0.0001179264307797,0.6918429003021148,0.000235178802523,0.0014995104903771,0.0,-8.0,0,0.0,0.00011792643077970135,6.293192688050109e-07,5.875701991272008e-07,0.0,Reference zero,Shallow zero
SRS2821987,test,4,233986,2000,0,0.0,-8.0,1,81,1.0,80,0.0006277564998318,0.6283987915407855,0.0022032620366809,0.0364416037566646,0.0,-8.0,0,0.0,0.0006277564998318072,3.9147243030629757e-07,2.733274572554948e-07,0.0,Reference zero,Shallow zero
SRS2822077,test,4,246206,2000,0,0.0,-8.0,1,63,1.0,62,0.0001089758255946,0.4078549848942598,0.0003131337088583,0.0027118291859317,2.138625719112898e-05,-4.669662190361205,0,0.0,0.00010897582559460123,4.383537624622646e-08,5.122558640311461e-08,0.0,Very rare (<1e-4),Shallow zero
SRS2822125,test,3,193619,2000,0,0.0,-8.0,1,65,1.0,64,0.0002951490147937,0.8580060422960725,0.000556771671378,0.0040507178639054,0.00010281836564495675,-3.987887066821349,0,0.0,0.00029514901479370335,2.5554139499497063e-06,2.106542733335642e-06,0.0,Rare (1e-4 to 1e-3),Shallow zero
SRS2822183,test,2,211915,2000,0,0.0,-8.0,1,111,1.0,110,0.0001747091142091,0.6314199395770392,0.000263576731316,0.0017431061580225,0.0005285230079852932,-3.276927884916193,0,0.0,0.00017470911420910197,0.0001853466047487514,9.063515061873937e-05,0.0,Rare (1e-4 to 1e-3),Shallow zero
SRS2821905,test,3,18617,2000,0,0.0,-8.0,1,86,1.0,85,0.0002623557444307,0.8338368580060423,0.0003444771944798,0.0024863301370948,3.6888118337083625e-05,-4.4329957806338385,0,0.0,0.000262355744430703,1.7414081312278107e-06,5.254157358683421e-06,0.0,Very rare (<1e-4),Shallow zero
SRS2821972,test,3,254595,2000,0,0.0,-8.0,1,106,1.0,105,0.0001620413678883,0.676737160120846,0.0009144996576869,0.0118230026949491,9.336457934588778e-06,-5.029352944305412,0,0.0,0.00016204136788830186,3.2348999337372086e-06,7.93955297153938e-06,0.0,Very rare (<1e-4),Shallow zero
SRS2822153,test,1,249900,2000,4,0.002,-2.698967832869038,0,52,0.45614035087719296,113,0.0007808646005963,0.9486404833836858,0.0021385648679012,0.026292831142264,0.0005839266506172207,-3.233634265524036,0,0.002,0.0007808646005963089,0.0013384385559347149,0.0013500136075448727,1.6094379124341003,Rare (1e-4 to 1e-3),Detected in shallow
SRS2822240,test,4,233398,2000,3,0.0015,-2.8239058456574235,0,30,0.5357142857142857,55,0.0032046452428914,0.9969788519637462,0.0028195239268681,0.0189130815480707,0.0030966421628025958,-2.5091075748367473,0,0.0015,0.0032046452428914365,0.0023478439589264405,0.002001107078430944,1.3862943611198906,Common (1e-3 to 1e-2),Detected in shallow
SRS2821925,test,2,97600,2000,0,0.0,-8.0,1,54,1.0,53,8.888311433962733e-05,0.3293051359516616,0.0007071380654044,0.0117625823531181,0.0,-8.0,0,0.0,8.888311433962834e-05,2.608728093826513e-08,3.022643283457997e-08,0.0,Reference zero,Shallow zero
SRS2822180,test,4,409,2000,0,0.0,-8.0,1,68,1.0,67,0.0003689609081321,0.5015105740181269,0.0015162228135537,0.0145491680182615,0.0,-8.0,0,0.0,0.0003689609081321042,9.238544900347956e-08,1.0635796248908671e-07,0.0,Reference zero,Shallow zero
SRS2821932,test,1,43797,2000,0,0.0,-8.0,1,109,1.0,108,0.000243503257215,0.3534743202416918,0.0016826088875735,0.0182386041669412,0.0,-8.0,0,0.0,0.00024350325721500277,5.695822543023989e-07,5.21198450953382e-07,0.0,Reference zero,Shallow zero
SRS2822089,test,1,79943,2000,0,0.0,-8.0,1,112,1.0,111,0.0012701659821695,0.2084592145015106,0.0076001453449412,0.091807566341469,0.0,-8.0,0,0.0,0.0012701659821695143,2.5840319918528174e-08,3.872623473860595e-08,0.0,Reference zero,Shallow zero
SRS2822136,test,4,146247,2000,0,0.0,-8.0,1,62,1.0,61,0.0001146733348428,0.2326283987915408,0.0012743383610444,0.0179798771723507,0.0,-8.0,0,0.0,0.0001146733348428013,5.601256746112996e-10,3.425054705254109e-09,0.0,Reference zero,Shallow zero
SRS2821870,test,1,168997,2000,0,0.0,-8.0,1,102,1.0,101,0.0003494230173817,0.5196374622356495,0.0011893367381893,0.0116778069650706,5.381624443338222e-05,-4.269005920737109,0,0.0,0.00034942301738170395,1.6081152191278997e-07,2.338271561961623e-07,0.0,Very rare (<1e-4),Shallow zero
SRS2822000,test,4,250171,2000,7,0.0035,-2.45593071481012,0,35,0.3763440860215054,92,0.0027770875829705,0.9274924471299094,0.0083625122879893,0.0924635205744878,0.0012069427947430935,-2.9183097153073683,0,0.0035,0.002777087582970532,0.0031075393054696455,0.003181341630073151,2.0794415416798357,Common (1e-3 to 1e-2),Detected in shallow
SRS2821844,test,5,219738,2000,0,0.0,-8.0,1,101,1.0,100,0.0002034288936819,0.6797583081570997,0.0006065035517112,0.0052514752855828,0.0,-8.0,0,0.0,0.00020342889368190232,1.0020757685304511e-05,1.2175587276717538e-05,0.0,Reference zero,Shallow zero
SRS2822000,test,4,34262,2000,1,0.0005,-3.3010213098612007,0,78,0.8387096774193549,92,0.0007483980248292,0.9395770392749244,0.000999256381279,0.0145350534119432,0.0004981033756082608,-3.302671796202034,0,0.0005,0.0007483980248292084,0.00040391829317386227,0.00046950133435011676,0.6931471805599453,Rare (1e-4 to 1e-3),Detected in shallow
SRS2822279,test,2,44470,2000,0,0.0,-8.0,1,101,1.0,100,0.0052578059728448,0.9546827794561934,0.0417782686220673,0.5880185523360106,0.0005500857760871187,-3.2595616897695563,0,0.0,0.00525780597284486,0.00022053842587639832,0.00013701682289615866,0.0,Rare (1e-4 to 1e-3),Shallow zero
SRS2822168,test,5,10583,2000,0,0.0,-8.0,1,78,1.0,77,0.0001344425582233,0.8036253776435045,0.0001845876318963,0.0013976497416186,2.4052627148200257e-05,-4.618656958306246,0,0.0,0.0001344425582233015,7.054751582945988e-05,4.34300472766065e-05,0.0,Very rare (<1e-4),Shallow zero
SRS2821987,test,3,207119,2000,1,0.0005,-3.3010213098612007,0,64,0.8,79,0.0020778196068682,0.8912386706948641,0.0024632456707371,0.0131605700449159,0.0006036871352723557,-3.2191808850018524,0,0.0005,0.0020778196068682235,0.00045266029350966055,0.00041564171825280203,0.6931471805599453,Rare (1e-4 to 1e-3),Detected in shallow
SRS2822218,test,1,21282,2000,1,0.0005,-3.3010213098612007,0,42,0.6666666666666666,62,0.0059784422652986,1.0,0.0098200487478248,0.0630847447429379,0.0005353617595556499,-3.2713445412413873,0,0.0005,0.005978442265298668,0.00051246495217251,0.0005848105286967155,0.6931471805599453,Rare (1e-4 to 1e-3),Detected in shallow
SRS2822269,test,2,121481,2000,0,0.0,-8.0,1,76,1.0,75,0.0008315500769304,0.3323262839879154,0.002063896486357,0.0119995955192521,0.0,-8.0,0,0.0,0.0008315500769304094,3.490994114515647e-10,2.77307001941309e-08,0.0,Reference zero,Shallow zero
SRS2822122,test,4,76191,2000,0,0.0,-8.0,1,94,1.0,93,0.0002196381011682,0.6797583081570997,0.0004642059950311,0.0033582460622843,0.0,-8.0,0,0.0,0.0002196381011682025,3.0011620055941414e-06,3.7493228139428805e-06,0.0,Reference zero,Shallow zero
SRS2821908,test,5,162670,2000,0,0.0,-8.0,1,84,1.0,83,8.661240651011095e-05,0.2507552870090634,0.0004224098442853,0.0052573383681388,2.4301188935668678e-05,-4.614193801519722,0,0.0,8.661240651011193e-05,1.6280037794098814e-08,2.5498555048079512e-08,0.0,Very rare (<1e-4),Shallow zero
SRS2821991,test,1,191749,2000,0,0.0,-8.0,1,98,1.0,97,0.0001062974245615,0.8187311178247734,0.0002066550637179,0.0019332343701453,0.0,-8.0,0,0.0,0.0001062974245615012,1.5653443222883562e-06,2.9470238291204145e-06,0.0,Reference zero,Shallow zero
SRS2822089,test,4,150643,2000,1,0.0005,-3.3010213098612007,0,96,0.8205128205128205,116,0.0002379709266102,0.3655589123867069,0.0009094289949943,0.0076564168868401,3.769815090569807e-05,-4.423564763567361,0,0.0005,0.00023797092661020268,0.00021290633499189063,0.0002557326474514696,0.6931471805599453,Very rare (<1e-4),Detected in shallow
SRS2822262,test,4,145222,2000,0,0.0,-8.0,1,66,1.0,65,0.0007604187236067,0.6918429003021148,0.0026780719289448,0.031470961865727,0.0,-8.0,0,0.0,0.0007604187236067085,1.011959617868974e-06,4.963015595579872e-07,0.0,Reference zero,Shallow zero
SRS2822080,test,2,219738,2000,4,0.002,-2.698967832869038,0,41,0.4606741573033708,88,0.0002034288936819,0.6797583081570997,0.0006065035517112,0.0052514752855828,0.0020445127473311562,-2.6894080531285045,0,0.002,0.00020342889368190232,0.0013334766182475444,0.001161785521644053,1.6094379124341003,Common (1e-3 to 1e-2),Detected in shallow
SRS2822077,test,2,58120,2000,91,0.0455,-1.3419885078935614,0,7,0.11290322580645161,61,0.0331338683761734,1.0,0.0247564773189989,0.1252526685343452,0.05670566094227849,-1.2463735066135566,0,0.0455,0.033133868376173777,0.04726786350784445,0.04629279095418534,4.5217885770490405,Dominant (>=1e-2),Detected in shallow
SRS2821844,test,2,184673,2000,0,0.0,-8.0,1,104,1.0,103,0.00011717566168,0.1389728096676737,0.000872086686013,0.011156369403792,0.0,-8.0,0,0.0,0.00011717566168000133,7.415238486095631e-08,4.489439734860909e-08,0.0,Reference zero,Shallow zero
SRS2822268,test,5,189417,2000,0,0.0,-8.0,1,74,1.0,73,0.0001201573041043,0.4954682779456193,0.0002157882329578,0.0018350831804097,0.0,-8.0,0,0.0,0.00012015730410430136,1.2978671172510706e-08,2.580346565392703e-08,0.0,Reference zero,Shallow zero
SRS2821932,test,2,258109,2000,0,0.0,-8.0,1,105,1.0,104,0.0034453676064137,0.8066465256797583,0.0276611420822812,0.4874151893193258,9.004772529440604e-05,-4.045479026777523,0,0.0,0.003445367606413739,1.8322666918628945e-06,6.0984071254918875e-06,0.0,Very rare (<1e-4),Shallow zero
SRS2822269,test,1,131147,2000,0,0.0,-8.0,1,73,1.0,72,0.0017128238555888,0.797583081570997,0.0018259291368465,0.0090787165996079,0.0,-8.0,0,0.0,0.0017128238555888192,2.0262987058783616e-05,3.1578934434798775e-06,0.0,Reference zero,Shallow zero
SRS2821919,test,5,254706,2000,0,0.0,-8.0,1,90,1.0,89,0.0023948049438828,0.43202416918429,0.0266362399101227,0.3715267876944523,1.7313019390581722e-05,-4.7613764084859955,0,0.0,0.0023948049438828273,3.356801589132778e-06,8.178893678739245e-07,0.0,Very rare (<1e-4),Shallow zero
SRS2822262,test,4,26279,2000,0,0.0,-8.0,1,66,1.0,65,0.0001259579970962,0.7341389728096677,0.0002536241438473,0.0020910723511033,9.49923214540158e-05,-4.022265782265353,0,0.0,0.00012595799709620145,2.11631494478129e-06,2.1152248069189533e-06,0.0,Very rare (<1e-4),Shallow zero
SRS2822256,test,2,86908,2000,0,0.0,-8.0,1,84,1.0,83,0.0002443500360949,0.8549848942598187,0.0004383498900631,0.0030002961665743,7.924767540152156e-05,-4.1009586695125115,0,0.0,0.0002443500360949028,1.3978512210506798e-05,8.904790400457702e-06,0.0,Very rare (<1e-4),Shallow zero
SRS2821854,test,4,11043,2000,0,0.0,-8.0,1,96,1.0,95,0.0001143891157707,0.7250755287009063,0.0002701224473978,0.0030135610246107,0.0,-8.0,0,0.0,0.0001143891157707013,1.0175243694333156e-05,6.879768992791242e-06,0.0,Reference zero,Shallow zero
SRS2821870,test,5,112467,2000,2,0.001,-2.9999956570768957,0,63,0.7078651685393258,88,0.0002949572894525,0.7613293051359517,0.0005100745519865,0.0049446880695865,0.00016144873330014667,-3.7919384590303205,0,0.001,0.00029495728945250335,0.0005893092185509624,0.0005635421655928379,1.0986122886681098,Rare (1e-4 to 1e-3),Detected in shallow
SRS2821894,test,5,71581,2000,0,0.0,-8.0,1,64,1.0,63,9.826839780148766e-05,0.3474320241691843,0.0009270886668867,0.0159958271755194,0.0,-8.0,0,0.0,9.826839780148877e-05,3.6911946246276294e-08,2.8940742777617364e-08,0.0,Reference zero,Shallow zero
SRS2822218,test,3,11812,2000,1,0.0005,-3.3010213098612007,0,57,0.9661016949152542,58,0.0001526281800365,0.6344410876132931,0.0002237922471187,0.0014181122617241,0.0002230673998148541,-3.6515444262776704,0,0.0005,0.00015262818003650174,0.00037478742084666406,0.00034285256377810644,0.6931471805599453,Rare (1e-4 to 1e-3),Detected in shallow
SRS2822060,test,1,57104,2000,6,0.003,-2.5228772976344773,0,32,0.3902439024390244,81,0.0009905923670257,0.7945619335347432,0.0049250981992909,0.0449317104896404,0.0014517738862172217,-2.838098028270082,0,0.003,0.0009905923670257112,0.0025882306908913606,0.0029336784580539124,1.9459101490553132,Common (1e-3 to 1e-2),Detected in shallow
SRS2821969,test,4,149360,2000,0,0.0,-8.0,1,78,1.0,77,0.0036443757842617,0.9818731117824774,0.0039649076588021,0.0222320688924422,0.0003325810666349923,-3.47808942006909,0,0.0,0.003644375784261741,5.965097906332266e-07,1.953593906912175e-05,0.0,Rare (1e-4 to 1e-3),Shallow zero
SRS2822268,test,1,78621,2000,0,0.0,-8.0,1,81,1.0,80,0.0001351882838644,0.56797583081571,0.0003541799624757,0.0035969250677165,1.8472167062278916e-05,-4.733247108439923,0,0.0,0.00013518828386440153,3.08922759587252e-06,6.104536966256484e-07,0.0,Very rare (<1e-4),Shallow zero
SRS2822269,test,3,262354,2000,1,0.0005,-3.3010213098612007,0,61,0.7922077922077922,76,0.0002552251792692,0.5045317220543807,0.0005935587538322,0.0035999343077681,0.001049453338035802,-2.9790327284649587,0,0.0005,0.00025522517926920287,0.0004321858656811825,0.0003094414498277881,0.6931471805599453,Common (1e-3 to 1e-2),Detected in shallow
SRS2821969,test,1,4843,2000,0,0.0,-8.0,1,82,1.0,81,0.0002651975933892,0.7945619335347432,0.0009480217597742,0.0078377795354857,0.0,-8.0,0,0.0,0.00026519759338920296,7.828500178037716e-06,8.731233455604181e-06,0.0,Reference zero,Shallow zero
SRS2821991,test,2,9456,2000,0,0.0,-8.0,1,91,1.0,90,0.0001179264307797,0.6918429003021148,0.000235178802523,0.0014995104903771,9.607163100807962e-05,-4.017359633292528,0,0.0,0.00011792643077970135,1.967375603579477e-05,7.97680416620347e-06,0.0,Very rare (<1e-4),Shallow zero
SRS2821892,test,5,157587,2000,1,0.0005,-3.3010213098612007,0,91,0.7982456140350878,113,0.000654111289356,0.8036253776435045,0.0019159370545271,0.0210642701216227,0.0008555349098346411,-3.067757188248599,0,0.0005,0.0006541112893560073,0.00032035790235281737,0.0003286935986720949,0.6931471805599453,Rare (1e-4 to 1e-3),Detected in shallow
SRS2822133,test,1,189417,2000,0,0.0,-8.0,1,112,1.0,111,0.0001201573041043,0.4954682779456193,0.0002157882329578,0.0018350831804097,9.240606923062709e-05,-4.034252507444152,0,0.0,0.00012015730410430136,1.7170817134545158e-05,3.200248985077089e-05,0.0,Very rare (<1e-4),Shallow zero
SRS2822243,test,1,192431,2000,0,0.0,-8.0,1,78,1.0,77,0.0001661506473655,0.6978851963746223,0.0002586186625329,0.0016578491844844,0.00010259567046270647,-3.988828637444346,0,0.0,0.00016615064736550186,1.1878727146721844e-06,1.5387866132462003e-06,0.0,Rare (1e-4 to 1e-3),Shallow zero
SRS2822120,test,1,146804,2000,0,0.0,-8.0,1,109,1.0,108,0.0001188064407762,0.6978851963746223,0.0004070488323287,0.0048127845396264,0.0,-8.0,0,0.0,0.00011880644077620135,4.505288657453798e-06,2.557225096465362e-06,0.0,Reference zero,Shallow zero
SRS2821919,test,2,254096,2000,1,0.0005,-3.3010213098612007,0,94,0.9591836734693877,97,0.0001131985710846,0.7824773413897281,0.000154892951407,0.0012609024583249,0.0003462603878116344,-3.4605846466540733,0,0.0005,0.00011319857108460129,0.00018399994144612287,0.00017364350177454153,0.6931471805599453,Rare (1e-4 to 1e-3),Detected in shallow
SRS2821894,test,1,114712,2000,0,0.0,-8.0,1,60,1.0,59,0.0020879398715809,0.7250755287009063,0.0056613047295506,0.056530976044541,0.00018921873685980993,-3.7230129096258255,0,0.0,0.0020879398715809238,2.1389487597992767e-06,1.1234889204049687e-06,0.0,Rare (1e-4 to 1e-3),Shallow zero
SRS2821860,test,5,176063,2000,0,0.0,-8.0,1,93,1.0,92,0.0001899694382991,0.5075528700906344,0.0003739394745769,0.0021271714875602,0.0,-8.0,0,0.0,0.00018996943829910213,4.468807838354528e-08,8.53641411509748e-08,0.0,Reference zero,Shallow zero
SRS2821844,test,2,237932,2000,5,0.0025,-2.6020582541535093,0,52,0.5,103,0.000348178309736,0.7220543806646526,0.0005457290207813,0.0029964756478131,0.0007850320554755987,-3.10510707704869,0,0.0025,0.000348178309736004,0.0018830182429376988,0.0016707874636049279,1.791759469228055,Rare (1e-4 to 1e-3),Detected in shallow
SRS2821908,test,1,44470,2000,705,0.3525,-0.45284086635217186,0,1,0.0125,79,0.0052578059728448,0.9546827794561934,0.0417782686220673,0.5880185523360106,0.3489468472245005,-0.45724070877582107,0,0.3525,0.00525780597284486,0.36250098723808716,0.42130798626965593,6.559615237493242,Dominant (>=1e-2),Detected in shallow
SRS2822236,test,1,148378,2000,1,0.0005,-3.3010213098612007,0,48,0.7384615384615385,64,0.0009293110458781,0.7129909365558912,0.003108065224489,0.0404868893580928,6.335369098603686e-05,-4.198159532678342,0,0.0005,0.0009293110458781105,6.83217445982335e-05,0.00014655294053687835,0.6931471805599453,Very rare (<1e-4),Detected in shallow
SRS2822275,test,3,66728,2000,0,0.0,-8.0,1,76,1.0,75,0.0003836266399621,0.6978851963746223,0.0007673526594138,0.0055927798309006,1.144086218337414e-05,-4.941161812242452,0,0.0,0.00038362663996210434,4.72242101874315e-06,1.6880987435839642e-06,0.0,Very rare (<1e-4),Shallow zero
SRS2821835,test,5,250391,2000,0,0.0,-8.0,1,58,1.0,57,0.0001980050490434,0.2084592145015106,0.0007778528445891,0.0046076537794218,0.0,-8.0,0,0.0,0.00019800504904340225,2.994422527045433e-09,7.609686584166948e-09,0.0,Reference zero,Shallow zero
SRS2821968,test,5,67192,2000,0,0.0,-8.0,1,62,1.0,61,0.000115056693052,0.7643504531722054,0.0002700851744775,0.0031180160046139,0.0,-8.0,0,0.0,0.0001150566930520013,2.0174245866649365e-06,4.154164141954442e-06,0.0,Reference zero,Shallow zero
SRS2821892,test,3,228316,2000,4,0.002,-2.698967832869038,0,48,0.41379310344827586,115,0.0015487785003433,0.9879154078549848,0.0037244233712917,0.0598274912828041,0.001644231154838451,-2.784034485740675,0,0.002,0.0015487785003433176,0.0017563484628118082,0.0015923040626865466,1.6094379124341003,Common (1e-3 to 1e-2),Detected in shallow
SRS2822280,test,2,146804,2000,0,0.0,-8.0,1,95,1.0,94,0.0001188064407762,0.6978851963746223,0.0004070488323287,0.0048127845396264,8.063432334363662e-05,-4.09342619773939,0,0.0,0.00011880644077620135,8.730361507107233e-07,9.073751586236528e-07,0.0,Very rare (<1e-4),Shallow zero
SRS2822240,test,3,250391,2000,0,0.0,-8.0,1,52,1.0,51,0.0001980050490434,0.2084592145015106,0.0007778528445891,0.0046076537794218,0.0,-8.0,0,0.0,0.00019800504904340225,1.8721221948221618e-08,1.1081911164742769e-08,0.0,Reference zero,Shallow zero
SRS2822180,test,3,264947,2000,0,0.0,-8.0,1,75,1.0,74,0.0022047000583922,0.8429003021148036,0.0070569372817698,0.0597454725005176,4.533995901267705e-05,-4.343423101119349,0,0.0,0.002204700058392225,2.5163343646394414e-06,7.070912774241062e-06,0.0,Very rare (<1e-4),Shallow zero
SRS2822275,test,4,241327,2000,0,0.0,-8.0,1,71,1.0,70,0.000186876877813,0.5558912386706949,0.0002748195430745,0.0013308329804609,0.0,-8.0,0,0.0,0.0001868768778130021,9.317570727978901e-09,6.670725633733977e-09,0.0,Reference zero,Shallow zero
SRS2822125,test,2,62872,2000,1,0.0005,-3.3010213098612007,0,54,0.7012987012987013,76,0.0038796188624384,0.8398791540785498,0.004543477046185,0.0208477446747608,2.284852569887928e-05,-4.640951783629668,0,0.0005,0.0038796188624384436,0.00026639749631127753,0.0002987219404227943,0.6931471805599453,Very rare (<1e-4),Detected in shallow
SRS2822077,test,3,189462,2000,0,0.0,-8.0,1,65,1.0,64,0.000144266233978,0.8700906344410876,0.0001666767569086,0.0009350448719903,6.415877157338695e-05,-4.192676274625064,0,0.0,0.00014426623397800162,1.341450851360531e-06,1.7321432241477323e-06,0.0,Very rare (<1e-4),Shallow zero
SRS2821946,test,3,155391,2000,0,0.0,-8.0,1,56,1.0,55,8.242509762519506e-05,0.3897280966767371,0.0003714736687704,0.003861107028818,0.0,-8.0,0,0.0,8.2425097625196e-05,1.330698576647507e-07,2.1788019009447876e-07,0.0,Reference zero,Shallow zero
SRS2821932,test,3,213034,2000,3,0.0015,-2.8239058456574235,0,54,0.4864864864864865,110,0.0020592681260378,0.7915407854984894,0.0214086082237064,0.2754897036664992,0.0014007423934685383,-2.8536386267798726,0,0.0015,0.0020592681260378234,0.0010137963166047092,0.0010513896640082557,1.3862943611198906,Common (1e-3 to 1e-2),Detected in shallow
SRS2822218,test,5,80933,2000,1,0.0005,-3.3010213098612007,0,54,0.9818181818181818,54,8.703333793014278e-05,0.5347432024169184,0.0001600314615887,0.0009555506968231,0.00026768087977782493,-3.57236642496412,0,0.0005,8.703333793014377e-05,0.00026139383138266053,0.00037531414959250436,0.6931471805599453,Rare (1e-4 to 1e-3),Detected in shallow
SRS2822026,test,1,168466,2000,12,0.006,-2.221848025792823,0,21,0.3888888888888889,53,0.0024476514126977,0.9788519637462236,0.0027280509870891,0.0268291329992788,0.005353739476885062,-2.2713419550302922,0,0.006,0.002447651412697728,0.005905383402811672,0.005007891117299933,2.5649493574615367,Common (1e-3 to 1e-2),Detected in shallow
SRS2821908,test,4,18877,2000,0,0.0,-8.0,1,77,1.0,76,0.0005624122937875,0.7069486404833837,0.000765100071107,0.0034255204271402,0.0,-8.0,0,0.0,0.0005624122937875063,8.365853059506534e-07,3.4895066669226117e-07,0.0,Reference zero,Shallow zero
SRS2821931,test,3,218257,2000,0,0.0,-8.0,1,96,1.0,95,0.0001907595118507,0.7311178247734139,0.0004058871516671,0.0050785126379078,0.0005332782852522751,-3.273037956362452,0,0.0,0.00019075951185070216,6.288172303914322e-06,4.638143149925063e-06,0.0,Rare (1e-4 to 1e-3),Shallow zero
SRS2822183,test,4,101428,2000,3,0.0015,-2.8239058456574235,0,63,0.5526315789473685,113,0.0001947719280358,0.6827794561933535,0.0003483462343428,0.0030910806984426,0.0006549089446774287,-3.18381244666103,0,0.0015,0.0001947719280358022,0.0007516021023872226,0.0007903318239649436,1.3862943611198906,Rare (1e-4 to 1e-3),Detected in shallow
SRS2821905,test,4,101509,2000,0,0.0,-8.0,1,77,1.0,76,0.0003506149536531,0.2930513595166163,0.0015501347112882,0.0150016329024577,7.377623667416725e-06,-5.131495236042716,0,0.0,0.000350614953653104,6.774957312697726e-09,1.6108894481505952e-08,0.0,Very rare (<1e-4),Shallow zero
SRS2821932,test,4,210905,2000,1,0.0005,-3.3010213098612007,0,102,0.9622641509433962,105,0.0001127898579517,0.6163141993957704,0.0003650980735082,0.0045757583212379,0.0002701431758832181,-3.5683899225891587,0,0.0005,0.00011278985795170127,0.0001968063619014173,0.000151561491622589,0.6931471805599453,Rare (1e-4 to 1e-3),Detected in shallow
SRS2821875,test,1,210905,2000,0,0.0,-8.0,1,94,1.0,93,0.0001127898579517,0.6163141993957704,0.0003650980735082,0.0045757583212379,0.0,-8.0,0,0.0,0.00011278985795170127,1.1537809619744893e-06,1.4985752458202225e-06,0.0,Reference zero,Shallow zero
SRS2822063,test,4,42738,2000,1,0.0005,-3.3010213098612007,0,50,0.6329113924050633,78,0.004662586966442,0.9939577039274924,0.003631630128436,0.0198352032752053,0.0012489956905996637,-2.903435582930586,0,0.0005,0.004662586966442053,0.0004570390082264122,0.0008900004552873346,0.6931471805599453,Common (1e-3 to 1e-2),Detected in shallow
SRS2822262,test,5,18877,2000,0,0.0,-8.0,1,64,1.0,63,0.0005624122937875,0.7069486404833837,0.000765100071107,0.0034255204271402,0.0001266564286053544,-3.897338474330311,0,0.0,0.0005624122937875063,6.488479505259705e-08,9.628000525870165e-08,0.0,Rare (1e-4 to 1e-3),Shallow zero
SRS2822298,test,3,233976,2000,0,0.0,-8.0,1,79,1.0,78,0.0008927084313389,0.6465256797583081,0.0014619017075088,0.0086763798466207,0.0,-8.0,0,0.0,0.0008927084313389101,2.841673541283175e-07,4.717050963793599e-07,0.0,Reference zero,Shallow zero
SRS2822279,test,3,199426,2000,0,0.0,-8.0,1,112,1.0,111,0.0001735186880566,0.5649546827794562,0.00097345698815,0.0138866404043674,7.458790184232118e-05,-4.1272733874216545,0,0.0,0.00017351868805660196,2.9265678402871716e-06,9.821555642751556e-06,0.0,Very rare (<1e-4),Shallow zero
SRS2822136,test,5,227739,2000,422,0.211,-0.6757175241196309,0,1,0.017241379310344827,57,0.1169303890828114,1.0,0.1254584030269547,0.4966737721569693,0.21020447355387772,-0.6773580249303167,0,0.211,0.11693038908281272,0.2170406037432946,0.25687919006757337,6.0473721790462776,Dominant (>=1e-2),Detected in shallow
SRS2821932,test,1,69371,2000,0,0.0,-8.0,1,109,1.0,108,0.0002562871208749,0.7552870090634441,0.0003565815383618,0.0022500138037656,0.0003902068096090928,-3.4086940261684884,0,0.0,0.0002562871208749029,8.671501382526843e-05,7.452816798953682e-05,0.0,Rare (1e-4 to 1e-3),Shallow zero
SRS2822230,test,5,241510,2000,63,0.0315,-1.5016893083391571,0,10,0.1,99,0.0002578822662974,0.1782477341389728,0.0022861804495522,0.0275202081204125,0.03105648515876452,-1.5078475575931167,0,0.0315,0.00025788226629740293,0.029811441202786244,0.02935058969052012,4.1588830833596715,Dominant (>=1e-2),Detected in shallow
SRS2822275,test,3,80933,2000,0,0.0,-8.0,1,76,1.0,75,8.703333793014278e-05,0.5347432024169184,0.0001600314615887,0.0009555506968231,0.0001716129327506121,-3.765424680930186,0,0.0,8.703333793014377e-05,5.501483528829716e-06,3.105460710709131e-06,0.0,Rare (1e-4 to 1e-3),Shallow zero
SRS2822133,test,3,146247,2000,0,0.0,-8.0,1,108,1.0,107,0.0001146733348428,0.2326283987915408,0.0012743383610444,0.0179798771723507,3.696242769225083e-05,-4.4321220317441075,0,0.0,0.0001146733348428013,1.9665377835030755e-07,1.6651029257635812e-07,0.0,Very rare (<1e-4),Shallow zero
SRS2822122,test,2,150579,2000,116,0.058,-1.2365719315587103,0,7,0.07526881720430108,92,0.0347292398971269,1.0,0.0653841817978855,0.4151791165050914,0.049573885253386074,-1.3047469552004058,0,0.058,0.0347292398971273,0.058821089426123394,0.0586687084262634,4.762173934797756,Dominant (>=1e-2),Detected in shallow
SRS2821968,test,4,241327,2000,0,0.0,-8.0,1,63,1.0,62,0.000186876877813,0.5558912386706949,0.0002748195430745,0.0013308329804609,2.8339048374755574e-05,-4.547461514990793,0,0.0,0.0001868768778130021,2.4097781182173776e-09,4.293805956160594e-09,0.0,Very rare (<1e-4),Shallow zero
SRS2822275,test,3,264947,2000,0,0.0,-8.0,1,76,1.0,75,0.0022047000583922,0.8429003021148036,0.0070569372817698,0.0597454725005176,0.0,-8.0,0,0.0,0.002204700058392225,6.2051775387680505e-06,5.776764229511379e-06,0.0,Reference zero,Shallow zero
SRS2821987,test,4,55552,2000,0,0.0,-8.0,1,81,1.0,80,0.0004886600606367,0.6918429003021148,0.0006489186472599,0.0034648909100752,6.965620791604103e-05,-4.156977828419918,0,0.0,0.0004886600606367055,1.1877547694126863e-06,1.4071561551552028e-06,0.0,Very rare (<1e-4),Shallow zero
SRS2821893,test,3,241754,2000,0,0.0,-8.0,1,80,1.0,79,0.0002289516523631,0.4833836858006042,0.0013338621329692,0.016593886462882,0.0,-8.0,0,0.0,0.0002289516523631026,7.140010539055042e-07,1.8836556292540235e-07,0.0,Reference zero,Shallow zero
SRS2822268,test,4,133193,2000,0,0.0,-8.0,1,77,1.0,76,0.000151765716712,0.3776435045317221,0.0005627595383252,0.005200743681222,6.46525847179762e-05,-4.18934693958962,0,0.0,0.0001517657167120017,4.98870051517068e-07,1.5732428690300758e-07,0.0,Very rare (<1e-4),Shallow zero
SRS2821968,test,3,34262,2000,0,0.0,-8.0,1,69,1.0,68,0.0007483980248292,0.9395770392749244,0.000999256381279,0.0145350534119432,0.0,-8.0,0,0.0,0.0007483980248292084,7.535360501856575e-05,3.8703928093622095e-05,0.0,Reference zero,Shallow zero
SRS2821901,test,5,254096,2000,0,0.0,-8.0,1,88,1.0,87,0.0001131985710846,0.7824773413897281,0.000154892951407,0.0012609024583249,0.0012298358169184414,-2.9101493316977702,0,0.0,0.00011319857108460129,4.8450453980645264e-05,1.679397721707109e-05,0.0,Common (1e-3 to 1e-2),Shallow zero
SRS2822111,test,4,103181,2000,68,0.034,-1.4685209552240925,0,8,0.12698412698412698,62,0.0762453372659705,1.0,0.0454332528433432,0.2032411595799079,0.027472087184144456,-1.5611081858384073,0,0.034,0.07624533726597137,0.0326894906271853,0.03274298208910968,4.23410650459726,Dominant (>=1e-2),Detected in shallow
SRS2821908,test,2,249900,2000,0,0.0,-8.0,1,85,1.0,84,0.0007808646005963,0.9486404833836858,0.0021385648679012,0.026292831142264,7.89788640409232e-05,-4.102434131829494,0,0.0,0.0007808646005963089,1.8943099056732575e-05,3.5607204736248564e-05,0.0,Very rare (<1e-4),Shallow zero
SRS2822168,test,5,69372,2000,0,0.0,-8.0,1,78,1.0,77,0.000326842642936,0.120845921450151,0.005540048872687,0.1007667205271995,0.0,-8.0,0,0.0,0.0003268426429360037,3.849661311759929e-08,3.277091765671289e-08,0.0,Reference zero,Shallow zero
SRS2821875,test,4,157587,2000,3,0.0015,-2.8239058456574235,0,47,0.5,93,0.000654111289356,0.8036253776435045,0.0019159370545271,0.0210642701216227,0.00036949794466768277,-3.4323762195472534,0,0.0015,0.0006541112893560073,0.0009609401694928495,0.001105614151533968,1.3862943611198906,Rare (1e-4 to 1e-3),Detected in shallow
SRS2821894,test,5,246206,2000,0,0.0,-8.0,1,64,1.0,63,0.0001089758255946,0.4078549848942598,0.0003131337088583,0.0027118291859317,0.0,-8.0,0,0.0,0.00010897582559460123,5.403659592327396e-08,4.9097714020397575e-08,0.0,Reference zero,Shallow zero
SRS2822060,test,2,242853,2000,0,0.0,-8.0,1,78,1.0,77,0.0003012413935641,0.7009063444108762,0.0004949460319308,0.0050763568678878,0.00041335228704795894,-3.383669148594288,0,0.0,0.0003012413935641034,3.835136305565869e-06,4.09786000598432e-06,0.0,Rare (1e-4 to 1e-3),Shallow zero
SRS2822120,test,3,219738,2000,0,0.0,-8.0,1,103,1.0,102,0.0002034288936819,0.6797583081570997,0.0006065035517112,0.0052514752855828,0.00020916126333403055,-3.679497980572948,0,0.0,0.00020342889368190232,1.3980641722272275e-05,1.3576262014644165e-05,0.0,Rare (1e-4 to 1e-3),Shallow zero
SRS2821928,test,4,66728,2000,0,0.0,-8.0,1,101,1.0,100,0.0003836266399621,0.6978851963746223,0.0007673526594138,0.0055927798309006,0.00014430708547789696,-3.8406822504066778,0,0.0,0.00038362663996210434,4.4390094846715815e-05,3.583072611254596e-05,0.0,Rare (1e-4 to 1e-3),Shallow zero
SRS2821860,test,1,125856,2000,1,0.0005,-3.3010213098612007,0,86,0.9885057471264368,86,9.291528843565942e-05,0.4803625377643504,0.0001910951586597,0.0019680332542441,0.0002077598296369397,-3.68241751632399,0,0.0005,9.291528843566047e-05,0.0002375683384133779,0.0002360739833134327,0.6931471805599453,Rare (1e-4 to 1e-3),Detected in shallow
SRS2822180,test,2,254595,2000,0,0.0,-8.0,1,69,1.0,68,0.0001620413678883,0.676737160120846,0.0009144996576869,0.0118230026949491,0.0,-8.0,0,0.0,0.00016204136788830186,2.874923309115696e-07,4.6101484008445274e-07,0.0,Reference zero,Shallow zero
SRS2822243,test,2,32169,2000,0,0.0,-8.0,1,74,1.0,73,0.0033968085870039,0.6797583081570997,0.0050051107396281,0.0338869929858583,0.0,-8.0,0,0.0,0.003396808587003939,1.4978164764257981e-07,2.0184368096900905e-07,0.0,Reference zero,Shallow zero
SRS2821844,test,5,39556,2000,9,0.0045,-2.34678652112688,0,36,0.3564356435643564,100,0.002650490784274,0.9697885196374624,0.0033855517402475,0.0258565717929554,0.0043612891970866595,-2.3603841185119605,0,0.0045,0.00265049078427403,0.00405772253173586,0.003947331537752432,2.302585092994046,Common (1e-3 to 1e-2),Detected in shallow
SRS2822116,test,3,130514,2000,0,0.0,-8.0,1,72,1.0,71,0.0001230289830458,0.2477341389728096,0.0007161303787485,0.0092754128867178,0.0,-8.0,0,0.0,0.00012302898304580138,2.288675324660688e-08,2.1831428653729397e-08,0.0,Reference zero,Shallow zero
SRS2821987,test,1,34262,2000,3,0.0015,-2.8239058456574235,0,38,0.41304347826086957,91,0.0007483980248292,0.9395770392749244,0.000999256381279,0.0145350534119432,0.0007429995511044376,-3.129005603513593,0,0.0015,0.0007483980248292084,0.000879341617330626,0.00102957570800616,1.3862943611198906,Rare (1e-4 to 1e-3),Detected in shallow
SRS2822185,test,1,5378,2000,1,0.0005,-3.3010213098612007,0,101,0.9805825242718447,102,0.0001039061921997,0.622356495468278,0.0002665073499698,0.0020611394163964,0.00033935627884528374,-3.469331313576943,0,0.0005,0.00010390619219970117,0.00021737044255385152,0.0001684640868852966,0.6931471805599453,Rare (1e-4 to 1e-3),Detected in shallow
SRS2822068,test,3,230845,2000,0,0.0,-8.0,1,94,1.0,93,0.000502405530781,0.9274924471299094,0.0006673250889536,0.0091532911898103,0.0006699707795876855,-3.1739376561629657,0,0.0,0.0005024055307810057,0.00014658394243082895,7.971594680691234e-05,0.0,Rare (1e-4 to 1e-3),Shallow zero
SRS2821987,test,2,32169,2000,0,0.0,-8.0,1,83,1.0,82,0.0033968085870039,0.6797583081570997,0.0050051107396281,0.0338869929858583,0.00012383325851740627,-3.9071276295171984,0,0.0,0.003396808587003939,3.2978500997963056e-06,7.339413019273359e-07,0.0,Rare (1e-4 to 1e-3),Shallow zero
SRS2822077,test,3,170659,2000,0,0.0,-8.0,1,65,1.0,64,0.0006393986810023,0.7945619335347432,0.0008578753801034,0.0049339031410024,1.069312859556449e-05,-4.970489256596355,0,0.0,0.0006393986810023073,1.2826595921781693e-06,1.1705561344417158e-06,0.0,Very rare (<1e-4),Shallow zero
SRS2821905,test,1,192138,2000,0,0.0,-8.0,1,81,1.0,80,9.820938868897828e-05,0.2145015105740181,0.0008801074141266,0.0145934271204249,1.475524733483345e-05,-4.83075927370712,0,0.0,9.82093886889794e-05,7.325705597486349e-08,3.984214583555289e-08,0.0,Very rare (<1e-4),Shallow zero
SRS2822149,test,1,76593,2000,0,0.0,-8.0,1,89,1.0,88,0.0001764624664241,0.1812688821752265,0.0012488234248957,0.0125323212945199,5.444073037683874e-05,-4.263996290444416,0,0.0,0.000176462466424102,1.0734984019462467e-07,2.7217219037634728e-08,0.0,Very rare (<1e-4),Shallow zero
SRS2821871,test,1,220566,2000,0,0.0,-8.0,1,101,1.0,100,0.0001767500200136,0.6435045317220544,0.0004618708406531,0.0040513958818327,1.1815582390056006e-05,-4.927177461790204,0,0.0,0.000176750020013602,1.1984110053277237e-05,9.508443052521045e-06,0.0,Very rare (<1e-4),Shallow zero
SRS2821871,test,5,39261,2000,0,0.0,-8.0,1,100,1.0,99,0.0005936649204949,0.8157099697885196,0.0008587361748811,0.0042032418373507,0.0002599428125812321,-3.5851054793194534,0,0.0,0.0005936649204949067,1.0767801735326378e-06,3.3383575888523565e-06,0.0,Rare (1e-4 to 1e-3),Shallow zero
SRS2821946,test,2,249900,2000,1,0.0005,-3.3010213098612007,0,45,0.7894736842105263,56,0.0007808646005963,0.9486404833836858,0.0021385648679012,0.026292831142264,0.00012425704641000685,-3.905644023890306,0,0.0005,0.0007808646005963089,0.00013014899158915374,0.00024220444835078671,0.6931471805599453,Rare (1e-4 to 1e-3),Detected in shallow
SRS2822063,test,4,21519,2000,3,0.0015,-2.8239058456574235,0,38,0.4810126582278481,78,0.0037110457057562,0.9909365558912386,0.0037973841082382,0.0427330401557205,0.003286830764735957,-2.4832213353682153,0,0.0015,0.003711045705756242,0.001702786679092593,0.0021630228277218716,1.3862943611198906,Common (1e-3 to 1e-2),Detected in shallow
SRS2822122,test,4,77276,2000,0,0.0,-8.0,1,94,1.0,93,0.0002371714081184,0.1450151057401812,0.0017030517257961,0.0159834014513303,0.0,-8.0,0,0.0,0.00023717140811840268,3.858918568768284e-08,3.7413962749097854e-08,0.0,Reference zero,Shallow zero
SRS2822243,test,2,254595,2000,0,0.0,-8.0,1,74,1.0,73,0.0001620413678883,0.676737160120846,0.0009144996576869,0.0118230026949491,0.00011969494887315755,-3.9218878945069098,0,0.0,0.00016204136788830186,8.582667894927703e-07,8.358203044211296e-07,0.0,Rare (1e-4 to 1e-3),Shallow zero
SRS2821969,test,2,124068,2000,0,0.0,-8.0,1,80,1.0,79,0.0001421891306851,0.5498489425981873,0.0007593415122119,0.0115510257415392,0.00014253474284356814,-3.8460487951635747,0,0.0,0.0001421891306851016,4.0788971613956817e-07,3.437770669460293e-07,0.0,Rare (1e-4 to 1e-3),Shallow zero
SRS2822122,test,1,26279,2000,0,0.0,-8.0,1,91,1.0,90,0.0001259579970962,0.7341389728096677,0.0002536241438473,0.0020910723511033,0.0,-8.0,0,0.0,0.00012595799709620145,4.596236391590797e-06,3.872767733080426e-06,0.0,Reference zero,Shallow zero
SRS2821972,test,5,264947,2000,3,0.0015,-2.8239058456574235,0,54,0.5192307692307693,103,0.0022047000583922,0.8429003021148036,0.0070569372817698,0.0597454725005176,0.0005228416443369716,-3.2816215218129274,0,0.0015,0.002204700058392225,0.0008494261655322817,0.0011959692834257098,1.3862943611198906,Rare (1e-4 to 1e-3),Detected in shallow
SRS2822089,test,4,83909,2000,0,0.0,-8.0,1,117,1.0,116,0.0002642183060732,0.6253776435045317,0.0005672189765421,0.0059502664298401,0.00017906621680206583,-3.7469620891788207,0,0.0,0.000264218306073203,1.0680554637161988e-05,2.2930543232089146e-05,0.0,Rare (1e-4 to 1e-3),Shallow zero
SRS2822180,test,2,184673,2000,0,0.0,-8.0,1,69,1.0,68,0.00011717566168,0.1389728096676737,0.000872086686013,0.011156369403792,0.0,-8.0,0,0.0,0.00011717566168000133,3.904918485261721e-09,8.84862023459564e-09,0.0,Reference zero,Shallow zero
SRS2822153,test,2,17010,2000,0,0.0,-8.0,1,117,1.0,116,9.520266271709308e-05,0.6374622356495468,0.0003057379082311,0.0042091459029569,1.024432720381089e-05,-4.989092828836098,0,0.0,9.520266271709416e-05,1.1254039975846846e-05,1.070178036921637e-05,0.0,Very rare (<1e-4),Shallow zero
SRS2822269,test,1,142355,2000,23,0.0115,-1.939301781999177,0,13,0.1780821917808219,72,0.0460576524661746,1.0,0.0378787180399688,0.1573756043186914,0.01075259567659633,-1.9684862805072232,0,0.0115,0.046057652466175124,0.01220992156742524,0.012067019859445312,3.1780538303479458,Dominant (>=1e-2),Detected in shallow
SRS2822220,test,2,88503,2000,0,0.0,-8.0,1,61,1.0,60,0.0004440084717553,0.7764350453172205,0.0010493723293255,0.0090218645706621,0.0,-8.0,0,0.0,0.00044400847175530504,6.122684279761317e-05,3.760129041136808e-05,0.0,Reference zero,Shallow zero
SRS2822256,test,3,88503,2000,0,0.0,-8.0,1,90,1.0,89,0.0004440084717553,0.7764350453172205,0.0010493723293255,0.0090218645706621,3.962383770076078e-05,-4.401933873374389,0,0.0,0.00044400847175530504,1.2699543015947055e-06,1.5955094514920273e-06,0.0,Very rare (<1e-4),Shallow zero
SRS2821890,test,2,230879,2000,0,0.0,-8.0,1,109,1.0,108,0.0015856184968883,0.8126888217522659,0.0057585548024901,0.0600264512041966,0.0008272667107875579,-3.082349201611001,0,0.0,0.001585618496888318,0.00036261310210077626,0.000193727763736092,0.0,Rare (1e-4 to 1e-3),Shallow zero
SRS2821835,test,3,168466,2000,1,0.0005,-3.3010213098612007,0,44,0.7333333333333333,59,0.0024476514126977,0.9788519637462236,0.0027280509870891,0.0268291329992788,0.0011527666399358462,-2.9382548327229965,0,0.0005,0.002447651412697728,0.0007641652486748622,0.0007237773327807014,0.6931471805599453,Common (1e-3 to 1e-2),Detected in shallow
SRS2821894,test,2,249070,2000,0,0.0,-8.0,1,64,1.0,63,0.0002354463589657,0.2416918429003021,0.0010489682174097,0.0111223857781057,0.0,-8.0,0,0.0,0.00023544635896570264,2.1035395279164625e-08,1.5389188841233392e-08,0.0,Reference zero,Shallow zero
SRS2822183,test,1,112467,2000,0,0.0,-8.0,1,116,1.0,115,0.0002949572894525,0.7613293051359517,0.0005100745519865,0.0049446880695865,0.0002527718733842707,-3.5972540718905828,0,0.0,0.00029495728945250335,7.498852899678059e-05,8.028981179917286e-05,0.0,Rare (1e-4 to 1e-3),Shallow zero
SRS2821875,test,1,174794,2000,19,0.0095,-2.0222759375593067,0,20,0.2127659574468085,93,0.0104154239974921,1.0,0.0056196577058383,0.0278447048516044,0.00980709128138808,-2.008459339564776,0,0.0095,0.010415423997492217,0.009307047433701126,0.010268993336197242,2.995732273553991,Common (1e-3 to 1e-2),Detected in shallow
SRS2821875,test,3,45066,2000,0,0.0,-8.0,1,99,1.0,98,0.0002552058365144,0.7009063444108762,0.0004521731583577,0.0025439028393238,0.00018474897233384139,-3.733394462051076,0,0.0,0.0002552058365144029,2.4034593858721863e-06,5.157938865776271e-06,0.0,Rare (1e-4 to 1e-3),Shallow zero
SRS2821816,test,1,55552,2000,0,0.0,-8.0,1,93,1.0,92,0.0004886600606367,0.6918429003021148,0.0006489186472599,0.0034648909100752,1.564626914712187e-05,-4.805311721323923,0,0.0,0.0004886600606367055,0.0002760624065499949,5.47420858935656e-05,0.0,Very rare (<1e-4),Shallow zero
SRS2822218,test,1,228316,2000,1,0.0005,-3.3010213098612007,0,45,0.7142857142857143,62,0.0015487785003433,0.9879154078549848,0.0037244233712917,0.0598274912828041,0.0003346010997222811,-3.475459656714381,0,0.0005,0.0015487785003433176,0.0006081958999386758,0.0006514928204644535,0.6931471805599453,Rare (1e-4 to 1e-3),Detected in shallow
SRS2822183,test,5,73737,2000,4,0.002,-2.698967832869038,0,54,0.4251968503937008,126,0.0006970791518131,0.743202416918429,0.003217601419826,0.0535319194862662,0.0008272534038030677,-3.082356187419183,0,0.002,0.000697079151813108,0.0013667315599546026,0.001633741581694053,1.6094379124341003,Rare (1e-4 to 1e-3),Detected in shallow
SRS2821844,test,4,49837,2000,0,0.0,-8.0,1,103,1.0,102,0.0002350817207674,0.4290030211480362,0.0012369187030124,0.0122225085594374,0.0,-8.0,0,0.0,0.00023508172076740265,9.92330835685819e-07,5.225089623531582e-07,0.0,Reference zero,Shallow zero
SRS2821916,test,3,176063,2000,2,0.001,-2.9999956570768957,0,43,0.6615384615384615,64,0.0001899694382991,0.5075528700906344,0.0003739394745769,0.0021271714875602,0.000568627592114071,-3.2451644328832794,0,0.001,0.00018996943829910213,0.0006458633147467845,0.0007374956103793763,1.0986122886681098,Rare (1e-4 to 1e-3),Detected in shallow
SRS2822025,test,4,112003,2000,0,0.0,-8.0,1,80,1.0,79,0.0003350131312509,0.7099697885196374,0.0011605101953537,0.0105522335561027,0.0,-8.0,0,0.0,0.0003350131312509038,3.57155452947237e-06,2.0890974506602278e-06,0.0,Reference zero,Shallow zero
SRS2822080,test,4,57440,2000,2,0.001,-2.9999956570768957,0,55,0.5851063829787234,93,0.0019832102085078,0.9848942598187312,0.0109299056296734,0.1942510747756012,0.00197590493701803,-2.7042317556891073,0,0.001,0.0019832102085078226,0.0007731123215922815,0.0009354938158176975,1.0986122886681098,Common (1e-3 to 1e-2),Detected in shallow
SRS2822269,test,4,149687,2000,0,0.0,-8.0,1,82,1.0,81,0.0002005772458831,0.2990936555891239,0.0010210793411067,0.0119213770644335,0.0,-8.0,0,0.0,0.00020057724588310228,1.2007571626438865e-07,5.959744444916356e-08,0.0,Reference zero,Shallow zero
SRS2821908,test,5,118090,2000,0,0.0,-8.0,1,84,1.0,83,0.0508609229361784,0.9577039274924471,0.0607665946530233,0.2486033124478452,0.00014580713361401207,-3.8361914431179067,0,0.0,0.05086092293617898,6.107244459143882e-05,1.2851542362345076e-05,0.0,Rare (1e-4 to 1e-3),Shallow zero
SRS2821871,test,2,71581,2000,0,0.0,-8.0,1,92,1.0,91,9.826839780148766e-05,0.3474320241691843,0.0009270886668867,0.0159958271755194,0.0,-8.0,0,0.0,9.826839780148877e-05,1.7767917869747882e-07,1.4478764160478913e-07,0.0,Reference zero,Shallow zero
SRS2822023,test,3,219738,2000,0,0.0,-8.0,1,73,1.0,72,0.0002034288936819,0.6797583081570997,0.0006065035517112,0.0052514752855828,0.00023936806829968885,-3.6209156419527497,0,0.0,0.00020342889368190232,2.3081151529290858e-06,1.4035520778542796e-06,0.0,Rare (1e-4 to 1e-3),Shallow zero
SRS2821894,test,4,6794,2000,102,0.051,-1.2924297387462913,0,7,0.109375,63,0.0343481275500017,1.0,0.0361066054078862,0.1761113870036234,0.05330712303422757,-1.27321467408536,0,0.051,0.03434812755000209,0.05197850746668793,0.05076551600157096,4.634728988229636,Dominant (>=1e-2),Detected in shallow
SRS2821925,test,3,33751,2000,49,0.0245,-1.6108337383724498,0,10,0.18867924528301888,52,0.0072486117675203,0.9335347432024168,0.0167324478370842,0.1843301919655045,0.025964921225717637,-1.5856128233994038,0,0.0245,0.007248611767520383,0.022830070547591588,0.02847164667768892,3.912023005428146,Dominant (>=1e-2),Detected in shallow
SRS2821824,test,1,258129,2000,0,0.0,-8.0,1,126,1.0,125,8.449452780938014e-05,0.2447129909365558,0.0004043438129545,0.0047410347584001,0.0,-8.0,0,0.0,8.44945278093811e-05,1.2508182009796012e-07,4.331523625795473e-07,0.0,Reference zero,Shallow zero
SRS2821905,test,2,197525,2000,0,0.0,-8.0,1,75,1.0,74,0.0149063691471301,0.9818731117824774,0.015211866148449,0.0666564299424184,0.0009222029584270906,-3.0351687796075675,0,0.0,0.014906369147130269,2.4593169052699702e-05,7.485662898154772e-05,0.0,Rare (1e-4 to 1e-3),Shallow zero
SRS2821892,test,5,86908,2000,4,0.002,-2.698967832869038,0,51,0.4473684210526316,113,0.0002443500360949,0.8549848942598187,0.0004383498900631,0.0030002961665743,0.0015105538251767882,-2.82086091995278,0,0.002,0.0002443500360949028,0.001211151906793803,0.0011120695314596873,1.6094379124341003,Common (1e-3 to 1e-2),Detected in shallow
SRS2822230,test,4,163285,2000,4,0.002,-2.698967832869038,0,41,0.3761467889908257,108,0.0021622525192264,0.8096676737160121,0.0026104987996991,0.0142571503086151,0.001806922772873572,-2.74305800511099,0,0.002,0.0021622525192264244,0.002140559518486643,0.0024830907119732506,1.6094379124341003,Common (1e-3 to 1e-2),Detected in shallow
SRS2821908,test,4,214696,2000,1,0.0005,-3.3010213098612007,0,68,0.8831168831168831,76,0.0002956610022648,0.716012084592145,0.0006027131937615,0.0039938612872806,0.0010692523131694217,-2.970915739892059,0,0.0005,0.0002956610022648034,0.0003520529635764871,0.0001865336894378093,0.6931471805599453,Common (1e-3 to 1e-2),Detected in shallow
SRS2821916,test,4,214696,2000,0,0.0,-8.0,1,62,1.0,61,0.0002956610022648,0.716012084592145,0.0006027131937615,0.0039938612872806,5.038472335187971e-05,-4.297614934568978,0,0.0,0.0002956610022648034,4.2379771303173466e-07,7.366799390399349e-07,0.0,Very rare (<1e-4),Shallow zero
SRS2821919,test,1,49520,2000,0,0.0,-8.0,1,88,1.0,87,0.0001272439773504,0.6435045317220544,0.0002923513138287,0.0022742821219237,0.00010387811634349033,-3.9834341281080476,0,0.0,0.00012724397735040143,2.9747151470657387e-06,4.591329048886223e-06,0.0,Rare (1e-4 to 1e-3),Shallow zero
SRS2822149,test,5,26524,2000,0,0.0,-8.0,1,94,1.0,93,0.0003335211770506,0.486404833836858,0.0013181984640334,0.0174302355907154,0.0,-8.0,0,0.0,0.0003335211770506038,9.461143207395002e-07,4.6099678645607457e-07,0.0,Reference zero,Shallow zero
SRS2822053,test,5,24669,2000,0,0.0,-8.0,1,60,1.0,59,0.0008909919195333,0.770392749244713,0.0025112470412891,0.0219011617973688,0.0,-8.0,0,0.0,0.0008909919195333101,3.314828978072013e-07,1.3136912599533404e-06,0.0,Reference zero,Shallow zero
SRS2821816,test,2,234685,2000,24,0.012,-1.9208183920404578,0,15,0.17647058823529413,84,0.0061821605630215,0.9969788519637462,0.0044051631371701,0.0223335404762265,0.008934019683006587,-2.0489526089332926,0,0.012,0.00618216056302157,0.010168714204287362,0.010984578553345788,3.2188758248682006,Common (1e-3 to 1e-2),Detected in shallow
SRS2822230,test,5,116634,2000,0,0.0,-8.0,1,100,1.0,99,0.0017111933344,0.8731117824773413,0.0051281168015429,0.042106080156782,0.0002446874588266296,-3.611370540755701,0,0.0,0.0017111933344000194,5.373016685435226e-05,2.5530098104287848e-05,0.0,Rare (1e-4 to 1e-3),Shallow zero
SRS2822298,test,4,233398,2000,15,0.0075,-2.124938157549377,0,20,0.2597402597402597,76,0.0032046452428914,0.9969788519637462,0.0028195239268681,0.0189130815480707,0.006437661973225929,-2.1912711562380585,0,0.0075,0.0032046452428914365,0.007078825395554303,0.006529229459377211,2.772588722239781,Common (1e-3 to 1e-2),Detected in shallow
SRS2821870,test,3,33751,2000,25,0.0125,-1.9030896395564971,0,21,0.22105263157894736,94,0.0072486117675203,0.9335347432024168,0.0167324478370842,0.1843301919655045,0.012175925303052728,-1.9144976681952044,0,0.0125,0.007248611767520383,0.01340922486533379,0.012112057242308521,3.258096538021482,Dominant (>=1e-2),Detected in shallow
SRS2822089,test,1,250171,2000,5,0.0025,-2.6020582541535093,0,43,0.38392857142857145,111,0.0027770875829705,0.9274924471299094,0.0083625122879893,0.0924635205744878,0.0016492941021242903,-2.7826992608514747,0,0.0025,0.002777087582970532,0.002305900325664952,0.002260842230044979,1.791759469228055,Common (1e-3 to 1e-2),Detected in shallow
SRS2821925,test,2,90282,2000,0,0.0,-8.0,1,54,1.0,53,0.0002832277632027,0.4712990936555891,0.0009079659125974,0.0061979405784744,1.274664763167287e-05,-4.894263440532707,0,0.0,0.0002832277632027032,1.1273447051795526e-06,1.3274858007391114e-06,0.0,Very rare (<1e-4),Shallow zero
SRS2821893,test,3,175420,2000,0,0.0,-8.0,1,80,1.0,79,8.94796937280873e-05,0.4501510574018127,0.000282274304335,0.0032393120747838,0.0,-8.0,0,0.0,8.947969372808832e-05,9.698904705186798e-08,8.904269929398852e-08,0.0,Reference zero,Shallow zero
SRS2822243,test,3,5378,2000,0,0.0,-8.0,1,77,1.0,76,0.0001039061921997,0.622356495468278,0.0002665073499698,0.0020611394163964,8.549639205225539e-05,-4.0680014182629565,0,0.0,0.00010390619219970117,3.868243526831547e-07,4.487987821776208e-07,0.0,Very rare (<1e-4),Shallow zero
SRS2822136,test,5,103906,2000,2,0.001,-2.9999956570768957,0,39,0.6724137931034483,57,0.0004356646305359,0.9365558912386708,0.0006993859073191,0.0051285988483685,0.00017182651586363038,-3.764884541593548,0,0.001,0.00043566463053590495,0.0002290813518937667,0.0002966371128857319,1.0986122886681098,Rare (1e-4 to 1e-3),Detected in shallow
SRS2821835,test,2,14807,2000,48,0.024,-1.6197885773323975,0,12,0.2,59,0.0282444378465975,1.0,0.0151177018539326,0.0872868217054263,0.021451483560545312,-1.668542464667055,0,0.024,0.02824443784659782,0.024862489316403117,0.024755953500704798,3.8918202981106265,Dominant (>=1e-2),Detected in shallow
SRS2822080,test,4,73737,2000,0,0.0,-8.0,1,94,1.0,93,0.0006970791518131,0.743202416918429,0.003217601419826,0.0535319194862662,0.0,-8.0,0,0.0,0.000697079151813108,2.641823241986837e-05,1.691154608834904e-05,0.0,Reference zero,Shallow zero
SRS2821972,test,2,180216,2000,4,0.002,-2.698967832869038,0,54,0.4954128440366973,108,8.46098108355739e-05,0.4682779456193353,0.0001980883581805,0.0011838795073745,0.0008589541299821675,-3.0660249717637225,0,0.002,8.460981083557486e-05,0.0007095088691526231,0.0008654764747782125,1.6094379124341003,Rare (1e-4 to 1e-3),Detected in shallow
SRS2821901,test,2,227739,2000,326,0.163,-0.7878123689522097,0,2,0.021739130434782608,91,0.1169303890828114,1.0,0.1254584030269547,0.4966737721569693,0.16539242011191507,-0.7814843716629,0,0.163,0.11693038908281272,0.16700743745663385,0.17812465231950755,5.7899601708972535,Dominant (>=1e-2),Detected in shallow
SRS2822180,test,2,127774,2000,5,0.0025,-2.6020582541535093,0,30,0.43478260869565216,68,0.0075133189338517,0.7522658610271903,0.0512745078912388,0.5322550451158785,0.002693193565353017,-2.5697308192701414,0,0.0025,0.007513318933851785,0.0016075048208138542,0.002353011419294642,1.791759469228055,Common (1e-3 to 1e-2),Detected in shallow
SRS2821916,test,3,163285,2000,0,0.0,-8.0,1,65,1.0,64,0.0021622525192264,0.8096676737160121,0.0026104987996991,0.0142571503086151,2.8791270486788406e-05,-4.540588354142451,0,0.0,0.0021622525192264244,1.690046683343501e-07,2.9985490518607957e-07,0.0,Very rare (<1e-4),Shallow zero
SRS2822279,test,4,121481,2000,0,0.0,-8.0,1,118,1.0,117,0.0008315500769304,0.3323262839879154,0.002063896486357,0.0119995955192521,0.0,-8.0,0,0.0,0.0008315500769304094,4.2252714849360266e-08,3.04236308257087e-08,0.0,Reference zero,Shallow zero
SRS2821870,test,4,6794,2000,89,0.0445,-1.3516398914248138,0,8,0.09090909090909091,87,0.0343481275500017,1.0,0.0361066054078862,0.1761113870036234,0.04328171458554766,-1.3636954428399115,0,0.0445,0.03434812755000209,0.04421274181857381,0.0437963527919659,4.499809670330265,Dominant (>=1e-2),Detected in shallow
SRS2821871,test,5,83909,2000,5,0.0025,-2.6020582541535093,0,45,0.45,99,0.0002642183060732,0.6253776435045317,0.0005672189765421,0.0059502664298401,0.0009452465912044805,-3.0244502856514837,0,0.0025,0.000264218306073203,0.0016230702826061064,0.0016869298775830752,1.791759469228055,Rare (1e-4 to 1e-3),Detected in shallow
SRS2822120,test,4,146804,2000,0,0.0,-8.0,1,101,1.0,100,0.0001188064407762,0.6978851963746223,0.0004070488323287,0.0048127845396264,0.0,-8.0,0,0.0,0.00011880644077620135,1.306051042854674e-06,1.371360977193888e-06,0.0,Reference zero,Shallow zero
SRS2821916,test,5,29321,2000,1,0.0005,-3.3010213098612007,0,63,0.9545454545454546,65,0.0001117400921432,0.6132930513595166,0.000315810437811,0.0026350203970097,0.00014395635243394202,-3.841738998597753,0,0.0005,0.00011174009214320126,0.00022282240140679058,0.00024210537900494792,0.6931471805599453,Rare (1e-4 to 1e-3),Detected in shallow
SRS2822280,test,2,250391,2000,0,0.0,-8.0,1,95,1.0,94,0.0001980050490434,0.2084592145015106,0.0007778528445891,0.0046076537794218,0.0,-8.0,0,0.0,0.00019800504904340225,7.137767334584789e-09,1.0441986340759863e-08,0.0,Reference zero,Shallow zero
SRS2821894,test,4,157587,2000,0,0.0,-8.0,1,64,1.0,63,0.000654111289356,0.8036253776435045,0.0019159370545271,0.0210642701216227,0.0,-8.0,0,0.0,0.0006541112893560073,8.634868155605898e-07,1.6367954402316511e-06,0.0,Reference zero,Shallow zero
SRS2821991,test,3,227167,2000,1,0.0005,-3.3010213098612007,0,87,0.9666666666666667,89,9.329050595008692e-05,0.4501510574018127,0.0003371612194061,0.0045480240505678,0.00022096475131858315,-3.6556573461766297,0,0.0005,9.329050595008797e-05,0.0001593890439482815,0.00019400044109630456,0.6931471805599453,Rare (1e-4 to 1e-3),Detected in shallow
SRS2822077,test,3,262354,2000,2,0.001,-2.9999956570768957,0,43,0.6615384615384615,64,0.0002552251792692,0.5045317220543807,0.0005935587538322,0.0035999343077681,0.0006843602301161274,-3.1647088903896896,0,0.001,0.00025522517926920287,0.001026983179082353,0.0008647434935594961,1.0986122886681098,Rare (1e-4 to 1e-3),Detected in shallow
SRS2821844,test,3,10583,2000,3,0.0015,-2.8239058456574235,0,64,0.6336633663366337,100,0.0001344425582233,0.8036253776435045,0.0001845876318963,0.0013976497416186,0.0008722578394173318,-3.0593501397001077,0,0.0015,0.0001344425582233015,0.0006630689838658865,0.0004836012974619472,1.3862943611198906,Rare (1e-4 to 1e-3),Detected in shallow
SRS2822053,test,5,125146,2000,0,0.0,-8.0,1,60,1.0,59,0.0003225976755049,0.918429003021148,0.0008169752872318,0.0123524234422895,9.108179144872095e-05,-4.040520756826598,0,0.0,0.00032259767550490363,3.760085480153601e-05,3.3305086593773216e-05,0.0,Very rare (<1e-4),Shallow zero
SRS2821901,test,2,79943,2000,0,0.0,-8.0,1,92,1.0,91,0.0012701659821695,0.2084592145015106,0.0076001453449412,0.091807566341469,0.0,-8.0,0,0.0,0.0012701659821695143,7.1237460055311465e-09,1.2595523306529158e-08,0.0,Reference zero,Shallow zero
SRS2821870,test,5,93005,2000,0,0.0,-8.0,1,89,1.0,88,0.0002159705125091,0.797583081570997,0.0003277935376995,0.0021826656347556,0.00016144873330014667,-3.7919384590303205,0,0.0,0.00021597051250910244,9.773858191321856e-06,2.0110321899741446e-05,0.0,Rare (1e-4 to 1e-3),Shallow zero
SRS2822125,test,4,189462,2000,1,0.0005,-3.3010213098612007,0,71,0.9726027397260274,72,0.000144266233978,0.8700906344410876,0.0001666767569086,0.0009350448719903,4.569705139775856e-05,-4.340016794527492,0,0.0005,0.00014426623397800162,6.39298546828883e-05,9.88681929195961e-05,0.6931471805599453,Very rare (<1e-4),Detected in shallow
SRS2822240,test,5,192431,2000,0,0.0,-8.0,1,54,1.0,53,0.0001661506473655,0.6978851963746223,0.0002586186625329,0.0016578491844844,6.731830788701296e-05,-4.171802300199625,0,0.0,0.00016615064736550186,5.260557404199513e-05,3.151818858067843e-05,0.0,Very rare (<1e-4),Shallow zero
SRS2822019,test,4,95651,2000,0,0.0,-8.0,1,90,1.0,89,0.0001803783081447,0.2930513595166163,0.0008334893394399,0.0106651785022244,0.0,-8.0,0,0.0,0.00018037830814470203,1.2548475964769869e-07,7.216391140081954e-08,0.0,Reference zero,Shallow zero
SRS2821894,test,3,211440,2000,0,0.0,-8.0,1,70,1.0,69,0.0002081052092779,0.2628398791540785,0.0011254043340116,0.0089358993685409,0.0,-8.0,0,0.0,0.00020810520927790237,4.707626082125483e-09,1.5968122865822567e-08,0.0,Reference zero,Shallow zero
SRS2821969,test,5,25843,2000,0,0.0,-8.0,1,89,1.0,88,0.0001249783468448,0.5498489425981873,0.000523071750498,0.0060368482947863,0.0,-8.0,0,0.0,0.0001249783468448014,5.996520663449224e-06,1.3684714894106794e-06,0.0,Reference zero,Shallow zero
SRS2821901,test,5,187492,2000,0,0.0,-8.0,1,88,1.0,87,0.000122105156686,0.6012084592145015,0.0004162651301673,0.0043488001265105,0.0,-8.0,0,0.0,0.00012210515668600137,2.297795745196807e-07,4.4071748736512444e-07,0.0,Reference zero,Shallow zero
SRS2821931,test,1,81893,2000,0,0.0,-8.0,1,90,1.0,89,0.0001459665581349,0.120845921450151,0.0012360107848366,0.0145619927815909,0.0,-8.0,0,0.0,0.00014596655813490166,1.2695039350031159e-08,1.1204004788566844e-08,0.0,Reference zero,Shallow zero
SRS2822120,test,5,249900,2000,1,0.0005,-3.3010213098612007,0,84,0.8,104,0.0007808646005963,0.9486404833836858,0.0021385648679012,0.026292831142264,0.0007045432028093661,-3.1520862065090327,0,0.0005,0.0007808646005963089,0.0003887206353501875,0.00038454361134864396,0.6931471805599453,Rare (1e-4 to 1e-3),Detected in shallow
SRS2821901,test,1,83222,2000,1,0.0005,-3.3010213098612007,0,56,0.6588235294117647,84,0.0085439657592128,0.9093655589123868,0.009528083363703,0.034005753453848,0.0012503330805337487,-2.902970804960685,0,0.0005,0.008543965759212898,0.0002549862446689268,0.00033075852904328683,0.6931471805599453,Common (1e-3 to 1e-2),Detected in shallow
SRS2822180,test,3,134697,2000,0,0.0,-8.0,1,75,1.0,74,0.0001091426857457,0.6404833836858006,0.0001658213618932,0.0012700182758727,0.0,-8.0,0,0.0,0.00010914268574570124,8.28467916204107e-08,2.535050235322704e-07,0.0,Reference zero,Shallow zero
SRS2822180,test,4,180216,2000,0,0.0,-8.0,1,68,1.0,67,8.46098108355739e-05,0.4682779456193353,0.0001980883581805,0.0011838795073745,9.06799180253541e-06,-5.042010213762727,0,0.0,8.460981083557486e-05,2.2923291593743294e-07,1.4747056631665236e-07,0.0,Very rare (<1e-4),Shallow zero
SRS2821946,test,3,146247,2000,0,0.0,-8.0,1,56,1.0,55,0.0001146733348428,0.2326283987915408,0.0012743383610444,0.0179798771723507,0.0,-8.0,0,0.0,0.0001146733348428013,5.948001162902323e-11,7.383704206833688e-10,0.0,Reference zero,Shallow zero
SRS2821860,test,5,42738,2000,13,0.0065,-2.1870859752123017,0,21,0.22580645161290322,92,0.004662586966442,0.9939577039274924,0.003631630128436,0.0198352032752053,0.006118526982807874,-2.2133524105751943,0,0.0065,0.004662586966442053,0.006301866835340511,0.0065516036872670476,2.6390573296152584,Common (1e-3 to 1e-2),Detected in shallow
SRS2822053,test,2,67192,2000,0,0.0,-8.0,1,68,1.0,67,0.000115056693052,0.7643504531722054,0.0002700851744775,0.0031180160046139,0.00010409347594139538,-3.98253476946194,0,0.0,0.0001150566930520013,5.909156978345263e-06,4.014886890318304e-06,0.0,Rare (1e-4 to 1e-3),Shallow zero
SRS2821843,test,1,241754,2000,0,0.0,-8.0,1,108,1.0,107,0.0002289516523631,0.4833836858006042,0.0013338621329692,0.016593886462882,0.0,-8.0,0,0.0,0.0002289516523631026,4.5551360983708486e-07,5.764324878828729e-07,0.0,Reference zero,Shallow zero
SRS2821972,test,4,85004,2000,0,0.0,-8.0,1,102,1.0,101,9.131132852482518e-05,0.3202416918429003,0.0003042877678292,0.0035720508799442,8.4028121411299e-05,-4.075523664379191,0,0.0,9.13113285248262e-05,3.866845547585062e-07,2.79802632666678e-07,0.0,Very rare (<1e-4),Shallow zero
SRS2822153,test,3,214696,2000,1,0.0005,-3.3010213098612007,0,97,0.8818181818181818,109,0.0002956610022648,0.716012084592145,0.0006027131937615,0.0039938612872806,0.00025610818009527225,-3.5915595928129993,0,0.0005,0.0002956610022648034,0.00037724653681211573,0.0003590655015039946,0.6931471805599453,Rare (1e-4 to 1e-3),Detected in shallow
SRS2822243,test,3,10583,2000,0,0.0,-8.0,1,77,1.0,76,0.0001344425582233,0.8036253776435045,0.0001845876318963,0.0013976497416186,0.0,-8.0,0,0.0,0.0001344425582233015,1.1830270163256651e-05,1.5397590557129788e-05,0.0,Reference zero,Shallow zero
SRS2822136,test,3,92333,2000,0,0.0,-8.0,1,55,1.0,54,0.0003802576700743,0.8308157099697885,0.0009877665946945,0.0074142896961813,5.053721054812658e-05,-4.296302805987566,0,0.0,0.00038025767007430426,1.380667184527901e-06,1.8769568946296133e-06,0.0,Very rare (<1e-4),Shallow zero
SRS2821843,test,3,73614,2000,0,0.0,-8.0,1,107,1.0,106,0.0005529446483244,0.7190332326283988,0.001265142960792,0.0127592011630576,0.00015883100381194413,-3.7990373770311545,0,0.0,0.0005529446483244063,1.3007176811335925e-05,8.817042745561743e-06,0.0,Rare (1e-4 to 1e-3),Shallow zero
SRS2821925,test,5,174794,2000,21,0.0105,-1.9788102873164666,0,15,0.30612244897959184,48,0.0104154239974921,1.0,0.0056196577058383,0.0278447048516044,0.009865905266914802,-2.0058626187815767,0,0.0105,0.010415423997492217,0.011536274005844931,0.012192462642511859,3.091042453358316,Common (1e-3 to 1e-2),Detected in shallow
SRS2821875,test,3,92333,2000,0,0.0,-8.0,1,99,1.0,98,0.0003802576700743,0.8308157099697885,0.0009877665946945,0.0074142896961813,0.0002617277108062753,-3.582133700305529,0,0.0,0.00038025767007430426,2.4588404466460923e-05,2.5908443730346348e-05,0.0,Rare (1e-4 to 1e-3),Shallow zero
SRS2821892,test,1,139050,2000,0,0.0,-8.0,1,112,1.0,111,0.0001089244535117,0.1691842900302115,0.001067666733689,0.0138131871554489,0.0,-8.0,0,0.0,0.00010892445351170123,5.261940740487209e-08,5.416809533544665e-08,0.0,Reference zero,Shallow zero
SRS2821844,test,4,127344,2000,0,0.0,-8.0,1,103,1.0,102,0.0013332141572657,0.8217522658610272,0.0021088551872494,0.0114350630423246,0.0007850320554755987,-3.10510707704869,0,0.0,0.001333214157265715,7.571942994810421e-07,2.7529816329861137e-06,0.0,Rare (1e-4 to 1e-3),Shallow zero
SRS2821843,test,5,192138,2000,0,0.0,-8.0,1,106,1.0,105,9.820938868897828e-05,0.2145015105740181,0.0008801074141266,0.0145934271204249,0.0,-8.0,0,0.0,9.82093886889794e-05,9.875560152542102e-08,6.682058250511995e-08,0.0,Reference zero,Shallow zero
SRS2822080,test,4,146804,2000,3,0.0015,-2.8239058456574235,0,49,0.5212765957446809,93,0.0001188064407762,0.6978851963746223,0.0004070488323287,0.0048127845396264,0.00035676061362825543,-3.447610924656564,0,0.0015,0.00011880644077620135,0.0005901172144157211,0.0005918334234537115,1.3862943611198906,Rare (1e-4 to 1e-3),Detected in shallow
SRS2822122,test,1,184673,2000,0,0.0,-8.0,1,91,1.0,90,0.00011717566168,0.1389728096676737,0.000872086686013,0.011156369403792,0.0,-8.0,0,0.0,0.00011717566168000133,7.513844028447717e-08,1.9950332797256216e-08,0.0,Reference zero,Shallow zero
SRS2821925,test,3,101210,2000,1,0.0005,-3.3010213098612007,0,42,0.7924528301886793,52,0.0012219404712254,0.7129909365558912,0.0036301155871149,0.028093611380207,0.0009687452200071381,-3.0137859443419557,0,0.0005,0.0012219404712254139,0.0006614586872898232,0.0005120638360132678,0.6931471805599453,Rare (1e-4 to 1e-3),Detected in shallow
SRS2822230,test,5,93004,2000,0,0.0,-8.0,1,100,1.0,99,0.0006397457609015,0.7764350453172205,0.0009882454159657,0.0115452930728241,0.00011293267330459826,-3.947141936913509,0,0.0,0.0006397457609015072,1.0448285515407478e-06,1.0946673615209716e-06,0.0,Rare (1e-4 to 1e-3),Shallow zero
SRS2822060,test,4,13412,2000,0,0.0,-8.0,1,81,1.0,80,0.0001192653093949,0.6314199395770392,0.0002055490973112,0.0013978894293702,0.0,-8.0,0,0.0,0.00011926530939490136,9.914665745392034e-07,1.017607201019968e-06,0.0,Reference zero,Shallow zero
SRS2822122,test,5,69673,2000,1,0.0005,-3.3010213098612007,0,86,0.9347826086956522,91,0.0002456286572682,0.5166163141993958,0.0006890412302388,0.0059740993884577,0.0006467813118246842,-3.189235822488487,0,0.0005,0.00024562865726820277,0.0003099910044736171,0.000359526854083266,0.6931471805599453,Rare (1e-4 to 1e-3),Detected in shallow
SRS2821972,test,1,150643,2000,0,0.0,-8.0,1,100,1.0,99,0.0002379709266102,0.3655589123867069,0.0009094289949943,0.0076564168868401,0.0,-8.0,0,0.0,0.00023797092661020268,3.340745781924026e-08,3.363248857220116e-08,0.0,Reference zero,Shallow zero
SRS2822298,test,1,73614,2000,3,0.0015,-2.8239058456574235,0,44,0.5641025641025641,77,0.0005529446483244,0.7190332326283988,0.001265142960792,0.0127592011630576,0.0013535596969346825,-2.8685193769715456,0,0.0015,0.0005529446483244063,0.0014966457459799495,0.0011032689646908146,1.3862943611198906,Common (1e-3 to 1e-2),Detected in shallow
