sample_id,split,project_id,classification,run_count,first_run_id,calculated_total_reads,recorded_total_reads,all_runs_match_recorded,read_difference,minimum_reference_depth,eligible_reference_sample
SRS2821814,train,MGYS00002437,seawater,1,SRR6457410,63402.0,63402.0,True,0.0,10000,True
SRS2821815,train,MGYS00002437,seawater,1,SRR6457411,66420.0,66420.0,True,0.0,10000,True
SRS2821817,train,MGYS00002437,seawater,1,SRR6457406,82447.0,82447.0,True,0.0,10000,True
SRS2821819,train,MGYS00002437,seawater,1,SRR6457404,115898.0,115898.0,True,0.0,10000,True
SRS2821820,train,MGYS00002437,seawater,1,SRR6457403,150168.0,150168.0,True,0.0,10000,True
SRS2821821,train,MGYS00002437,seawater,1,SRR6457402,108202.0,108202.0,True,0.0,10000,True
SRS2821823,train,MGYS00002437,seawater,1,SRR6457399,78911.0,78911.0,True,0.0,10000,True
SRS2821825,train,MGYS00002437,seawater,1,SRR6457407,162026.0,162026.0,True,0.0,10000,True
SRS2821826,train,MGYS00002437,seawater,1,SRR6457398,114997.0,114997.0,True,0.0,10000,True
SRS2821827,train,MGYS00002437,seawater,1,SRR6457396,23892.0,23892.0,True,0.0,10000,True
SRS2821833,train,MGYS00002437,seawater,1,SRR6457390,78971.0,78971.0,True,0.0,10000,True
SRS2821834,train,MGYS00002437,seawater,1,SRR6457391,67229.0,67229.0,True,0.0,10000,True
SRS2821836,train,MGYS00002437,seawater,1,SRR6457388,67984.0,67984.0,True,0.0,10000,True
SRS2821839,train,MGYS00002437,seawater,1,SRR6457385,108837.0,108837.0,True,0.0,10000,True
SRS2821840,train,MGYS00002437,seawater,1,SRR6457384,112003.0,112003.0,True,0.0,10000,True
SRS2821841,train,MGYS00002437,seawater,1,SRR6457383,105233.0,105233.0,True,0.0,10000,True
SRS2821845,train,MGYS00002437,seawater,1,SRR6457379,66124.0,66124.0,True,0.0,10000,True
SRS2821847,train,MGYS00002437,seawater,1,SRR6457377,84427.0,84427.0,True,0.0,10000,True
SRS2821848,train,MGYS00002437,seawater,1,SRR6457376,62975.0,62975.0,True,0.0,10000,True
SRS2821851,train,MGYS00002437,seawater,1,SRR6457373,30291.0,30291.0,True,0.0,10000,True
SRS2821852,train,MGYS00002437,seawater,1,SRR6457372,77836.0,77836.0,True,0.0,10000,True
SRS2821853,train,MGYS00002437,seawater,1,SRR6457370,63085.0,63085.0,True,0.0,10000,True
SRS2821855,train,MGYS00002437,seawater,1,SRR6457369,123758.0,123758.0,True,0.0,10000,True
SRS2821856,train,MGYS00002437,seawater,1,SRR6457367,55888.0,55888.0,True,0.0,10000,True
SRS2821858,train,MGYS00002437,seawater,1,SRR6457366,86643.0,86643.0,True,0.0,10000,True
SRS2821859,train,MGYS00002437,seawater,1,SRR6457365,106683.0,106683.0,True,0.0,10000,True
SRS2821862,train,MGYS00002437,seawater,1,SRR6457362,76269.0,76269.0,True,0.0,10000,True
SRS2821863,train,MGYS00002437,seawater,1,SRR6457361,71659.0,71659.0,True,0.0,10000,True
SRS2821864,train,MGYS00002437,seawater,1,SRR6457359,77153.0,77153.0,True,0.0,10000,True
SRS2821865,train,MGYS00002437,seawater,1,SRR6457360,96245.0,96245.0,True,0.0,10000,True
SRS2821866,train,MGYS00002437,seawater,1,SRR6457358,126475.0,126475.0,True,0.0,10000,True
SRS2821867,train,MGYS00002437,seawater,1,SRR6457357,86124.0,86124.0,True,0.0,10000,True
SRS2821868,train,MGYS00002437,seawater,1,SRR6457356,133799.0,133799.0,True,0.0,10000,True
SRS2821869,train,MGYS00002437,seawater,1,SRR6457355,170212.0,170212.0,True,0.0,10000,True
SRS2821873,train,MGYS00002437,seawater,1,SRR6457351,72597.0,72597.0,True,0.0,10000,True
SRS2821874,train,MGYS00002437,seawater,1,SRR6457350,119937.0,119937.0,True,0.0,10000,True
SRS2821876,train,MGYS00002437,seawater,1,SRR6457347,114777.0,114777.0,True,0.0,10000,True
SRS2821877,train,MGYS00002437,seawater,1,SRR6457348,114732.0,114732.0,True,0.0,10000,True
SRS2821879,train,MGYS00002437,seawater,1,SRR6457345,67131.0,67131.0,True,0.0,10000,True
SRS2821880,train,MGYS00002437,seawater,1,SRR6457344,78522.0,78522.0,True,0.0,10000,True
SRS2821882,train,MGYS00002437,seawater,1,SRR6457342,62552.0,62552.0,True,0.0,10000,True
SRS2821883,train,MGYS00002437,seawater,1,SRR6457341,56398.0,56398.0,True,0.0,10000,True
SRS2821884,train,MGYS00002437,seawater,1,SRR6457339,113804.0,113804.0,True,0.0,10000,True
SRS2821886,train,MGYS00002437,seawater,1,SRR6457337,58425.0,58425.0,True,0.0,10000,True
SRS2821889,train,MGYS00002437,seawater,1,SRR6457334,111943.0,111943.0,True,0.0,10000,True
SRS2821895,train,MGYS00002437,seawater,1,SRR6457328,98065.0,98065.0,True,0.0,10000,True
SRS2821896,train,MGYS00002437,seawater,1,SRR6457327,152225.0,152225.0,True,0.0,10000,True
SRS2821898,train,MGYS00002437,seawater,1,SRR6457325,166690.0,166690.0,True,0.0,10000,True
SRS2821900,train,MGYS00002437,seawater,1,SRR6457323,123489.0,123489.0,True,0.0,10000,True
SRS2821902,train,MGYS00002437,seawater,1,SRR6457320,85585.0,85585.0,True,0.0,10000,True
SRS2821903,train,MGYS00002437,seawater,1,SRR6457319,93583.0,93583.0,True,0.0,10000,True
SRS2821904,train,MGYS00002437,seawater,1,SRR6457318,84676.0,84676.0,True,0.0,10000,True
SRS2821906,train,MGYS00002437,seawater,1,SRR6457316,106660.0,106660.0,True,0.0,10000,True
SRS2821907,train,MGYS00002437,seawater,1,SRR6457315,116336.0,116336.0,True,0.0,10000,True
SRS2821910,train,MGYS00002437,seawater,1,SRR6457311,60143.0,60143.0,True,0.0,10000,True
SRS2821911,train,MGYS00002437,seawater,1,SRR6457310,131908.0,131908.0,True,0.0,10000,True
SRS2821912,train,MGYS00002437,seawater,1,SRR6457309,72444.0,72444.0,True,0.0,10000,True
SRS2821913,train,MGYS00002437,seawater,1,SRR6457308,93648.0,93648.0,True,0.0,10000,True
SRS2821914,train,MGYS00002437,seawater,1,SRR6457307,78912.0,78912.0,True,0.0,10000,True
SRS2821915,train,MGYS00002437,seawater,1,SRR6457306,85302.0,85302.0,True,0.0,10000,True
SRS2821917,train,MGYS00002437,seawater,1,SRR6457304,88321.0,88321.0,True,0.0,10000,True
SRS2821918,train,MGYS00002437,seawater,1,SRR6457303,492477.0,492477.0,True,0.0,10000,True
SRS2821920,train,MGYS00002437,seawater,1,SRR6457301,115505.0,115505.0,True,0.0,10000,True
SRS2821921,train,MGYS00002437,seawater,1,SRR6457300,77186.0,77186.0,True,0.0,10000,True
SRS2821922,train,MGYS00002437,seawater,1,SRR6457299,65125.0,65125.0,True,0.0,10000,True
SRS2821923,train,MGYS00002437,seawater,1,SRR6457298,91581.0,91581.0,True,0.0,10000,True
SRS2821924,train,MGYS00002437,seawater,1,SRR6457297,67771.0,67771.0,True,0.0,10000,True
SRS2821926,train,MGYS00002437,seawater,1,SRR6457340,61853.0,61853.0,True,0.0,10000,True
SRS2821927,train,MGYS00002437,seawater,1,SRR6457294,49369.0,49369.0,True,0.0,10000,True
SRS2821929,train,MGYS00002437,seawater,1,SRR6457292,72593.0,72593.0,True,0.0,10000,True
SRS2821930,train,MGYS00002437,seawater,1,SRR6457296,53894.0,53894.0,True,0.0,10000,True
SRS2821933,train,MGYS00002437,seawater,1,SRR6457288,54834.0,54834.0,True,0.0,10000,True
SRS2821934,train,MGYS00002437,seawater,1,SRR6457286,127933.0,127933.0,True,0.0,10000,True
SRS2821935,train,MGYS00002437,seawater,1,SRR6457285,128244.0,128244.0,True,0.0,10000,True
SRS2821936,train,MGYS00002437,seawater,1,SRR6457284,84304.0,84304.0,True,0.0,10000,True
SRS2821937,train,MGYS00002437,seawater,1,SRR6457283,128041.0,128041.0,True,0.0,10000,True
SRS2821938,train,MGYS00002437,seawater,1,SRR6457282,99777.0,99777.0,True,0.0,10000,True
SRS2821940,train,MGYS00002437,seawater,1,SRR6457280,83882.0,83882.0,True,0.0,10000,True
SRS2821942,train,MGYS00002437,seawater,1,SRR6457278,111921.0,111921.0,True,0.0,10000,True
SRS2821943,train,MGYS00002437,seawater,1,SRR6457277,102564.0,102564.0,True,0.0,10000,True
SRS2821944,train,MGYS00002437,seawater,1,SRR6457276,119085.0,119085.0,True,0.0,10000,True
SRS2821945,train,MGYS00002437,seawater,1,SRR6457275,67671.0,67671.0,True,0.0,10000,True
SRS2821948,train,MGYS00002437,seawater,1,SRR6457314,95735.0,95735.0,True,0.0,10000,True
SRS2821949,train,MGYS00002437,seawater,1,SRR6457272,65900.0,65900.0,True,0.0,10000,True
SRS2821950,train,MGYS00002437,seawater,1,SRR6457271,85656.0,85656.0,True,0.0,10000,True
SRS2821951,train,MGYS00002437,seawater,1,SRR6457270,109355.0,109355.0,True,0.0,10000,True
SRS2821953,train,MGYS00002437,seawater,1,SRR6457268,65898.0,65898.0,True,0.0,10000,True
SRS2821954,train,MGYS00002437,seawater,1,SRR6457267,55484.0,55484.0,True,0.0,10000,True
SRS2821956,train,MGYS00002437,seawater,1,SRR6457265,68784.0,68784.0,True,0.0,10000,True
SRS2821957,train,MGYS00002437,seawater,1,SRR6457264,49720.0,49720.0,True,0.0,10000,True
SRS2821958,train,MGYS00002437,seawater,1,SRR6457262,54377.0,54377.0,True,0.0,10000,True
SRS2821959,train,MGYS00002437,seawater,1,SRR6457261,56200.0,56200.0,True,0.0,10000,True
SRS2821960,train,MGYS00002437,seawater,1,SRR6457260,64804.0,64804.0,True,0.0,10000,True
SRS2821961,train,MGYS00002437,seawater,1,SRR6457263,54097.0,54097.0,True,0.0,10000,True
SRS2821962,train,MGYS00002437,seawater,1,SRR6457259,22956.0,22956.0,True,0.0,10000,True
SRS2821964,train,MGYS00002437,seawater,1,SRR6457257,37300.0,37300.0,True,0.0,10000,True
SRS2821965,train,MGYS00002437,seawater,1,SRR6457256,19865.0,19865.0,True,0.0,10000,True
SRS2821966,train,MGYS00002437,seawater,1,SRR6457255,72434.0,72434.0,True,0.0,10000,True
SRS2821967,train,MGYS00002437,seawater,1,SRR6457254,84466.0,84466.0,True,0.0,10000,True
SRS2821971,train,MGYS00002437,seawater,1,SRR6457250,89589.0,89589.0,True,0.0,10000,True
SRS2821973,train,MGYS00002437,seawater,1,SRR6457247,141074.0,141074.0,True,0.0,10000,True
SRS2821974,train,MGYS00002437,seawater,1,SRR6457246,129310.0,129310.0,True,0.0,10000,True
SRS2821975,train,MGYS00002437,seawater,1,SRR6457245,109515.0,109515.0,True,0.0,10000,True
SRS2821976,train,MGYS00002437,seawater,1,SRR6457244,145843.0,145843.0,True,0.0,10000,True
SRS2821977,train,MGYS00002437,seawater,1,SRR6457243,81616.0,81616.0,True,0.0,10000,True
SRS2821978,train,MGYS00002437,seawater,1,SRR6457242,96835.0,96835.0,True,0.0,10000,True
SRS2821979,train,MGYS00002437,seawater,1,SRR6457241,79403.0,79403.0,True,0.0,10000,True
SRS2821980,train,MGYS00002437,seawater,1,SRR6457240,88998.0,88998.0,True,0.0,10000,True
SRS2821981,train,MGYS00002437,seawater,1,SRR6457239,59189.0,59189.0,True,0.0,10000,True
SRS2821982,train,MGYS00002437,seawater,1,SRR6457238,73048.0,73048.0,True,0.0,10000,True
SRS2821984,train,MGYS00002437,seawater,1,SRR6457236,83442.0,83442.0,True,0.0,10000,True
SRS2821985,train,MGYS00002437,seawater,1,SRR6457287,54990.0,54990.0,True,0.0,10000,True
SRS2821986,train,MGYS00002437,seawater,1,SRR6457235,106217.0,106217.0,True,0.0,10000,True
SRS2821989,train,MGYS00002437,seawater,1,SRR6457231,68345.0,68345.0,True,0.0,10000,True
SRS2821992,train,MGYS00002437,seawater,1,SRR6457228,111091.0,111091.0,True,0.0,10000,True
SRS2821993,train,MGYS00002437,seawater,1,SRR6457227,97074.0,97074.0,True,0.0,10000,True
SRS2821994,train,MGYS00002437,seawater,1,SRR6457226,89627.0,89627.0,True,0.0,10000,True
SRS2821997,train,MGYS00002437,seawater,1,SRR6457222,89623.0,89623.0,True,0.0,10000,True
SRS2821998,train,MGYS00002437,seawater,1,SRR6457221,42825.0,42825.0,True,0.0,10000,True
SRS2821999,train,MGYS00002437,seawater,1,SRR6457220,151611.0,151611.0,True,0.0,10000,True
SRS2822001,train,MGYS00002437,seawater,1,SRR6457217,100263.0,100263.0,True,0.0,10000,True
SRS2822002,train,MGYS00002437,seawater,1,SRR6457216,116576.0,116576.0,True,0.0,10000,True
SRS2822003,train,MGYS00002437,seawater,1,SRR6457215,93049.0,93049.0,True,0.0,10000,True
SRS2822004,train,MGYS00002437,seawater,1,SRR6457214,143771.0,143771.0,True,0.0,10000,True
SRS2822005,train,MGYS00002437,seawater,1,SRR6457213,94000.0,94000.0,True,0.0,10000,True
SRS2822006,train,MGYS00002437,seawater,1,SRR6457211,73175.0,73175.0,True,0.0,10000,True
SRS2822007,train,MGYS00002437,seawater,1,SRR6457210,90966.0,90966.0,True,0.0,10000,True
SRS2822009,train,MGYS00002437,seawater,1,SRR6457208,62614.0,62614.0,True,0.0,10000,True
SRS2822011,train,MGYS00002437,seawater,1,SRR6457206,29079.0,29079.0,True,0.0,10000,True
SRS2822012,train,MGYS00002437,seawater,1,SRR6457205,53960.0,53960.0,True,0.0,10000,True
SRS2822013,train,MGYS00002437,seawater,1,SRR6457204,33241.0,33241.0,True,0.0,10000,True
SRS2822015,train,MGYS00002437,seawater,1,SRR6457203,41923.0,41923.0,True,0.0,10000,True
SRS2822016,train,MGYS00002437,seawater,1,SRR6457202,40094.0,40094.0,True,0.0,10000,True
SRS2822017,train,MGYS00002437,seawater,1,SRR6457201,72318.0,72318.0,True,0.0,10000,True
SRS2822018,train,MGYS00002437,seawater,1,SRR6457200,100173.0,100173.0,True,0.0,10000,True
SRS2822020,train,MGYS00002437,seawater,1,SRR6457197,119899.0,119899.0,True,0.0,10000,True
SRS2822021,train,MGYS00002437,seawater,1,SRR6457198,129540.0,129540.0,True,0.0,10000,True
SRS2822022,train,MGYS00002437,seawater,1,SRR6457195,124382.0,124382.0,True,0.0,10000,True
SRS2822024,train,MGYS00002437,seawater,1,SRR6457194,88914.0,88914.0,True,0.0,10000,True
SRS2822027,train,MGYS00002437,seawater,1,SRR6457191,110462.0,110462.0,True,0.0,10000,True
SRS2822028,train,MGYS00002437,seawater,1,SRR6457190,23006.0,23006.0,True,0.0,10000,True
SRS2822029,train,MGYS00002437,seawater,1,SRR6457189,73664.0,73664.0,True,0.0,10000,True
SRS2822030,train,MGYS00002437,seawater,1,SRR6457237,107790.0,107790.0,True,0.0,10000,True
SRS2822031,train,MGYS00002437,seawater,1,SRR6457187,84100.0,84100.0,True,0.0,10000,True
SRS2822032,train,MGYS00002437,seawater,1,SRR6457185,64509.0,64509.0,True,0.0,10000,True
SRS2822033,train,MGYS00002437,seawater,1,SRR6457186,83235.0,83235.0,True,0.0,10000,True
SRS2822034,train,MGYS00002437,seawater,1,SRR6457184,38265.0,38265.0,True,0.0,10000,True
SRS2822035,train,MGYS00002437,seawater,1,SRR6457183,17131.0,17131.0,True,0.0,10000,True
SRS2822036,train,MGYS00002437,seawater,1,SRR6457182,70920.0,70920.0,True,0.0,10000,True
SRS2822037,train,MGYS00002437,seawater,1,SRR6457181,88726.0,88726.0,True,0.0,10000,True
SRS2822038,train,MGYS00002437,seawater,1,SRR6457180,77659.0,77659.0,True,0.0,10000,True
SRS2822039,train,MGYS00002437,seawater,1,SRR6457179,76845.0,76845.0,True,0.0,10000,True
SRS2822040,train,MGYS00002437,seawater,1,SRR6457178,107424.0,107424.0,True,0.0,10000,True
SRS2822041,train,MGYS00002437,seawater,1,SRR6457177,125762.0,125762.0,True,0.0,10000,True
SRS2822042,train,MGYS00002437,seawater,1,SRR6457176,142149.0,142149.0,True,0.0,10000,True
SRS2822043,train,MGYS00002437,seawater,1,SRR6457232,110826.0,110826.0,True,0.0,10000,True
SRS2822044,train,MGYS00002437,seawater,1,SRR6457175,110524.0,110524.0,True,0.0,10000,True
SRS2822045,train,MGYS00002437,seawater,1,SRR6457174,62783.0,62783.0,True,0.0,10000,True
SRS2822046,train,MGYS00002437,seawater,1,SRR6457173,72227.0,72227.0,True,0.0,10000,True
SRS2822047,train,MGYS00002437,seawater,1,SRR6457172,92816.0,92816.0,True,0.0,10000,True
SRS2822048,train,MGYS00002437,seawater,1,SRR6457170,70457.0,70457.0,True,0.0,10000,True
SRS2822049,train,MGYS00002437,seawater,1,SRR6457171,94923.0,94923.0,True,0.0,10000,True
SRS2822050,train,MGYS00002437,seawater,1,SRR6457169,68703.0,68703.0,True,0.0,10000,True
SRS2822051,train,MGYS00002437,seawater,1,SRR6457168,64680.0,64680.0,True,0.0,10000,True
SRS2822054,train,MGYS00002437,seawater,1,SRR6457164,41853.0,41853.0,True,0.0,10000,True
SRS2822055,train,MGYS00002437,seawater,1,SRR6457165,66851.0,66851.0,True,0.0,10000,True
SRS2822056,train,MGYS00002437,seawater,1,SRR6457163,32283.0,32283.0,True,0.0,10000,True
SRS2822057,train,MGYS00002437,seawater,1,SRR6457162,99859.0,99859.0,True,0.0,10000,True
SRS2822058,train,MGYS00002437,seawater,1,SRR6457161,11260.0,11260.0,True,0.0,10000,True
SRS2822061,train,MGYS00002437,seawater,1,SRR6457224,65352.0,65352.0,True,0.0,10000,True
SRS2822064,train,MGYS00002437,seawater,1,SRR6457156,76899.0,76899.0,True,0.0,10000,True
SRS2822065,train,MGYS00002437,seawater,1,SRR6457155,100952.0,100952.0,True,0.0,10000,True
SRS2822066,train,MGYS00002437,seawater,1,SRR6457154,177316.0,177316.0,True,0.0,10000,True
SRS2822067,train,MGYS00002437,seawater,1,SRR6457153,90897.0,90897.0,True,0.0,10000,True
SRS2822069,train,MGYS00002437,seawater,1,SRR6457151,72590.0,72590.0,True,0.0,10000,True
SRS2822070,train,MGYS00002437,seawater,1,SRR6457150,150172.0,150172.0,True,0.0,10000,True
SRS2822071,train,MGYS00002437,seawater,1,SRR6457149,111093.0,111093.0,True,0.0,10000,True
SRS2822072,train,MGYS00002437,seawater,1,SRR6457148,47951.0,47951.0,True,0.0,10000,True
SRS2822073,train,MGYS00002437,seawater,1,SRR6457147,82655.0,82655.0,True,0.0,10000,True
SRS2822074,train,MGYS00002437,seawater,1,SRR6457146,60275.0,60275.0,True,0.0,10000,True
SRS2822075,train,MGYS00002437,seawater,1,SRR6457145,68956.0,68956.0,True,0.0,10000,True
SRS2822078,train,MGYS00002437,seawater,1,SRR6457142,65618.0,65618.0,True,0.0,10000,True
SRS2822079,train,MGYS00002437,seawater,1,SRR6457141,91482.0,91482.0,True,0.0,10000,True
SRS2822081,train,MGYS00002437,seawater,1,SRR6457139,89670.0,89670.0,True,0.0,10000,True
SRS2822082,train,MGYS00002437,seawater,1,SRR6457138,115347.0,115347.0,True,0.0,10000,True
SRS2822083,train,MGYS00002437,seawater,1,SRR6457137,75883.0,75883.0,True,0.0,10000,True
SRS2822084,train,MGYS00002437,seawater,1,SRR6457136,151358.0,151358.0,True,0.0,10000,True
SRS2822085,train,MGYS00002437,seawater,1,SRR6457135,132677.0,132677.0,True,0.0,10000,True
SRS2822086,train,MGYS00002437,seawater,1,SRR6457133,115868.0,115868.0,True,0.0,10000,True
SRS2822088,train,MGYS00002437,seawater,1,SRR6457132,79864.0,79864.0,True,0.0,10000,True
SRS2822090,train,MGYS00002437,seawater,1,SRR6457129,93221.0,93221.0,True,0.0,10000,True
SRS2822091,train,MGYS00002437,seawater,1,SRR6457130,18276.0,18276.0,True,0.0,10000,True
SRS2822092,train,MGYS00002437,seawater,1,SRR6457128,67475.0,67475.0,True,0.0,10000,True
SRS2822093,train,MGYS00002437,seawater,1,SRR6457127,79632.0,79632.0,True,0.0,10000,True
SRS2822094,train,MGYS00002437,seawater,1,SRR6457126,119530.0,119530.0,True,0.0,10000,True
SRS2822096,train,MGYS00002437,seawater,1,SRR6457123,99220.0,99220.0,True,0.0,10000,True
SRS2822097,train,MGYS00002437,seawater,1,SRR6457124,183647.0,183647.0,True,0.0,10000,True
SRS2822098,train,MGYS00002437,seawater,1,SRR6457121,54471.0,54471.0,True,0.0,10000,True
SRS2822099,train,MGYS00002437,seawater,1,SRR6457119,85286.0,85286.0,True,0.0,10000,True
SRS2822100,train,MGYS00002437,seawater,1,SRR6457120,130723.0,130723.0,True,0.0,10000,True
SRS2822101,train,MGYS00002437,seawater,1,SRR6457118,70950.0,70950.0,True,0.0,10000,True
SRS2822103,train,MGYS00002437,seawater,1,SRR6457116,55593.0,55593.0,True,0.0,10000,True
SRS2822104,train,MGYS00002437,seawater,1,SRR6457218,80261.0,80261.0,True,0.0,10000,True
SRS2822105,train,MGYS00002437,seawater,1,SRR6457115,123768.0,123768.0,True,0.0,10000,True
SRS2822106,train,MGYS00002437,seawater,1,SRR6457114,64214.0,64214.0,True,0.0,10000,True
SRS2822107,train,MGYS00002437,seawater,1,SRR6457113,35273.0,35273.0,True,0.0,10000,True
SRS2822108,train,MGYS00002437,seawater,1,SRR6457112,64409.0,64409.0,True,0.0,10000,True
SRS2822109,train,MGYS00002437,seawater,1,SRR6457111,47371.0,47371.0,True,0.0,10000,True
SRS2822110,train,MGYS00002437,seawater,1,SRR6457110,70106.0,70106.0,True,0.0,10000,True
SRS2822112,train,MGYS00002437,seawater,1,SRR6457108,47278.0,47278.0,True,0.0,10000,True
SRS2822113,train,MGYS00002437,seawater,1,SRR6457107,110529.0,110529.0,True,0.0,10000,True
SRS2822114,train,MGYS00002437,seawater,1,SRR6457106,101714.0,101714.0,True,0.0,10000,True
SRS2822115,train,MGYS00002437,seawater,1,SRR6457105,81489.0,81489.0,True,0.0,10000,True
SRS2822118,train,MGYS00002437,seawater,1,SRR6457103,140201.0,140201.0,True,0.0,10000,True
SRS2822121,train,MGYS00002437,seawater,1,SRR6457100,97792.0,97792.0,True,0.0,10000,True
SRS2822123,train,MGYS00002437,seawater,1,SRR6457098,106836.0,106836.0,True,0.0,10000,True
SRS2822124,train,MGYS00002437,seawater,1,SRR6457097,119406.0,119406.0,True,0.0,10000,True
SRS2822127,train,MGYS00002437,seawater,1,SRR6457094,97126.0,97126.0,True,0.0,10000,True
SRS2822128,train,MGYS00002437,seawater,1,SRR6457093,121634.0,121634.0,True,0.0,10000,True
SRS2822130,train,MGYS00002437,seawater,1,SRR6457091,71582.0,71582.0,True,0.0,10000,True
SRS2822132,train,MGYS00002437,seawater,1,SRR6457088,47720.0,47720.0,True,0.0,10000,True
SRS2822134,train,MGYS00002437,seawater,1,SRR6457086,69899.0,69899.0,True,0.0,10000,True
SRS2822135,train,MGYS00002437,seawater,1,SRR6457085,63306.0,63306.0,True,0.0,10000,True
SRS2822137,train,MGYS00002437,seawater,1,SRR6457083,104552.0,104552.0,True,0.0,10000,True
SRS2822138,train,MGYS00002437,seawater,1,SRR6457082,88626.0,88626.0,True,0.0,10000,True
SRS2822139,train,MGYS00002437,seawater,1,SRR6457081,117854.0,117854.0,True,0.0,10000,True
SRS2822140,train,MGYS00002437,seawater,1,SRR6457080,93115.0,93115.0,True,0.0,10000,True
SRS2822141,train,MGYS00002437,seawater,1,SRR6457079,79032.0,79032.0,True,0.0,10000,True
SRS2822142,train,MGYS00002437,seawater,1,SRR6457078,77466.0,77466.0,True,0.0,10000,True
SRS2822143,train,MGYS00002437,seawater,1,SRR6457077,64296.0,64296.0,True,0.0,10000,True
SRS2822145,train,MGYS00002437,seawater,1,SRR6457076,79357.0,79357.0,True,0.0,10000,True
SRS2822146,train,MGYS00002437,seawater,1,SRR6457551,89003.0,89003.0,True,0.0,10000,True
SRS2822148,train,MGYS00002437,seawater,1,SRR6457548,102466.0,102466.0,True,0.0,10000,True
SRS2822150,train,MGYS00002437,seawater,1,SRR6457547,103073.0,103073.0,True,0.0,10000,True
SRS2822151,train,MGYS00002437,seawater,1,SRR6457545,68032.0,68032.0,True,0.0,10000,True
SRS2822152,train,MGYS00002437,seawater,1,SRR6457543,102041.0,102041.0,True,0.0,10000,True
SRS2822154,train,MGYS00002437,seawater,1,SRR6457541,90570.0,90570.0,True,0.0,10000,True
SRS2822155,train,MGYS00002437,seawater,1,SRR6457540,118436.0,118436.0,True,0.0,10000,True
SRS2822156,train,MGYS00002437,seawater,1,SRR6457539,112547.0,112547.0,True,0.0,10000,True
SRS2822157,train,MGYS00002437,seawater,1,SRR6457538,67557.0,67557.0,True,0.0,10000,True
SRS2822158,train,MGYS00002437,seawater,1,SRR6457537,95896.0,95896.0,True,0.0,10000,True
SRS2822159,train,MGYS00002437,seawater,1,SRR6457536,57272.0,57272.0,True,0.0,10000,True
SRS2822160,train,MGYS00002437,seawater,1,SRR6457535,53273.0,53273.0,True,0.0,10000,True
SRS2822161,train,MGYS00002437,seawater,1,SRR6457534,52616.0,52616.0,True,0.0,10000,True
SRS2822162,train,MGYS00002437,seawater,1,SRR6457533,40649.0,40649.0,True,0.0,10000,True
SRS2822163,train,MGYS00002437,seawater,1,SRR6457532,77015.0,77015.0,True,0.0,10000,True
SRS2822165,train,MGYS00002437,seawater,1,SRR6457531,80896.0,80896.0,True,0.0,10000,True
SRS2822166,train,MGYS00002437,seawater,1,SRR6457529,43855.0,43855.0,True,0.0,10000,True
SRS2822167,train,MGYS00002437,seawater,1,SRR6457528,81902.0,81902.0,True,0.0,10000,True
SRS2822169,train,MGYS00002437,seawater,1,SRR6457526,79411.0,79411.0,True,0.0,10000,True
SRS2822170,train,MGYS00002437,seawater,1,SRR6457525,91481.0,91481.0,True,0.0,10000,True
SRS2822172,train,MGYS00002437,seawater,1,SRR6457522,56314.0,56314.0,True,0.0,10000,True
SRS2822173,train,MGYS00002437,seawater,1,SRR6457521,69915.0,69915.0,True,0.0,10000,True
SRS2822174,train,MGYS00002437,seawater,1,SRR6457523,50039.0,50039.0,True,0.0,10000,True
SRS2822175,train,MGYS00002437,seawater,1,SRR6457188,98239.0,98239.0,True,0.0,10000,True
SRS2822176,train,MGYS00002437,seawater,1,SRR6457520,65739.0,65739.0,True,0.0,10000,True
SRS2822177,train,MGYS00002437,seawater,1,SRR6457519,65542.0,65542.0,True,0.0,10000,True
SRS2822178,train,MGYS00002437,seawater,1,SRR6457518,99376.0,99376.0,True,0.0,10000,True
SRS2822179,train,MGYS00002437,seawater,1,SRR6457517,61027.0,61027.0,True,0.0,10000,True
SRS2822181,train,MGYS00002437,seawater,1,SRR6457514,81895.0,81895.0,True,0.0,10000,True
SRS2822184,train,MGYS00002437,seawater,1,SRR6457511,122188.0,122188.0,True,0.0,10000,True
SRS2822186,train,MGYS00002437,seawater,1,SRR6457509,148559.0,148559.0,True,0.0,10000,True
SRS2822187,train,MGYS00002437,seawater,1,SRR6457508,88945.0,88945.0,True,0.0,10000,True
SRS2822189,train,MGYS00002437,seawater,1,SRR6457506,95053.0,95053.0,True,0.0,10000,True
SRS2822190,train,MGYS00002437,seawater,1,SRR6457504,51907.0,51907.0,True,0.0,10000,True
SRS2822191,train,MGYS00002437,seawater,1,SRR6457503,54369.0,54369.0,True,0.0,10000,True
SRS2822192,train,MGYS00002437,seawater,1,SRR6457505,111912.0,111912.0,True,0.0,10000,True
SRS2822193,train,MGYS00002437,seawater,1,SRR6457500,73972.0,73972.0,True,0.0,10000,True
SRS2822194,train,MGYS00002437,seawater,1,SRR6457502,48991.0,48991.0,True,0.0,10000,True
SRS2822195,train,MGYS00002437,seawater,1,SRR6457501,60291.0,60291.0,True,0.0,10000,True
SRS2822196,train,MGYS00002437,seawater,1,SRR6457499,126709.0,126709.0,True,0.0,10000,True
SRS2822197,train,MGYS00002437,seawater,1,SRR6457498,61144.0,61144.0,True,0.0,10000,True
SRS2822198,train,MGYS00002437,seawater,1,SRR6457497,78687.0,78687.0,True,0.0,10000,True
SRS2822199,train,MGYS00002437,seawater,1,SRR6457496,95912.0,95912.0,True,0.0,10000,True
SRS2822200,train,MGYS00002437,seawater,1,SRR6457495,76028.0,76028.0,True,0.0,10000,True
SRS2822201,train,MGYS00002437,seawater,1,SRR6457494,108599.0,108599.0,True,0.0,10000,True
SRS2822202,train,MGYS00002437,seawater,1,SRR6457493,111388.0,111388.0,True,0.0,10000,True
SRS2822203,train,MGYS00002437,seawater,1,SRR6457492,116027.0,116027.0,True,0.0,10000,True
SRS2822204,train,MGYS00002437,seawater,1,SRR6457491,72427.0,72427.0,True,0.0,10000,True
SRS2822205,train,MGYS00002437,seawater,1,SRR6457490,108166.0,108166.0,True,0.0,10000,True
SRS2822206,train,MGYS00002437,seawater,1,SRR6457489,239412.0,239412.0,True,0.0,10000,True
SRS2822207,train,MGYS00002437,seawater,1,SRR6457488,107428.0,107428.0,True,0.0,10000,True
SRS2822208,train,MGYS00002437,seawater,1,SRR6457487,98082.0,98082.0,True,0.0,10000,True
SRS2822209,train,MGYS00002437,seawater,1,SRR6457486,86348.0,86348.0,True,0.0,10000,True
SRS2822210,train,MGYS00002437,seawater,1,SRR6457485,79426.0,79426.0,True,0.0,10000,True
SRS2822213,train,MGYS00002437,seawater,1,SRR6457481,75073.0,75073.0,True,0.0,10000,True
SRS2822214,train,MGYS00002437,seawater,1,SRR6457482,79907.0,79907.0,True,0.0,10000,True
SRS2822215,train,MGYS00002437,seawater,1,SRR6457479,80693.0,80693.0,True,0.0,10000,True
SRS2822216,train,MGYS00002437,seawater,1,SRR6457480,63740.0,63740.0,True,0.0,10000,True
SRS2822217,train,MGYS00002437,seawater,1,SRR6457478,79158.0,79158.0,True,0.0,10000,True
SRS2822219,train,MGYS00002437,seawater,1,SRR6457476,68139.0,68139.0,True,0.0,10000,True
SRS2822221,train,MGYS00002437,seawater,1,SRR6457474,63126.0,63126.0,True,0.0,10000,True
SRS2822223,train,MGYS00002437,seawater,1,SRR6457472,44608.0,44608.0,True,0.0,10000,True
SRS2822226,train,MGYS00002437,seawater,1,SRR6457469,35519.0,35519.0,True,0.0,10000,True
SRS2822227,train,MGYS00002437,seawater,1,SRR6457466,86409.0,86409.0,True,0.0,10000,True
SRS2822228,train,MGYS00002437,seawater,1,SRR6457467,47933.0,47933.0,True,0.0,10000,True
SRS2822229,train,MGYS00002437,seawater,1,SRR6457468,53815.0,53815.0,True,0.0,10000,True
SRS2822234,train,MGYS00002437,seawater,1,SRR6457461,40289.0,40289.0,True,0.0,10000,True
SRS2822235,train,MGYS00002437,seawater,1,SRR6457460,64763.0,64763.0,True,0.0,10000,True
SRS2822237,train,MGYS00002437,seawater,1,SRR6457457,57667.0,57667.0,True,0.0,10000,True
SRS2822238,train,MGYS00002437,seawater,1,SRR6457458,70703.0,70703.0,True,0.0,10000,True
SRS2822239,train,MGYS00002437,seawater,1,SRR6457456,65576.0,65576.0,True,0.0,10000,True
SRS2822241,train,MGYS00002437,seawater,1,SRR6457454,87203.0,87203.0,True,0.0,10000,True
SRS2822242,train,MGYS00002437,seawater,1,SRR6457453,58422.0,58422.0,True,0.0,10000,True
SRS2822245,train,MGYS00002437,seawater,1,SRR6457448,95056.0,95056.0,True,0.0,10000,True
SRS2822246,train,MGYS00002437,seawater,1,SRR6457447,54173.0,54173.0,True,0.0,10000,True
SRS2822248,train,MGYS00002437,seawater,1,SRR6457445,69841.0,69841.0,True,0.0,10000,True
SRS2822249,train,MGYS00002437,seawater,1,SRR6457449,82034.0,82034.0,True,0.0,10000,True
SRS2822250,train,MGYS00002437,seawater,1,SRR6457444,101157.0,101157.0,True,0.0,10000,True
SRS2822251,train,MGYS00002437,seawater,1,SRR6457443,61331.0,61331.0,True,0.0,10000,True
SRS2822254,train,MGYS00002437,seawater,1,SRR6457440,89977.0,89977.0,True,0.0,10000,True
SRS2822257,train,MGYS00002437,seawater,1,SRR6457437,77889.0,77889.0,True,0.0,10000,True
SRS2822258,train,MGYS00002437,seawater,1,SRR6457436,98391.0,98391.0,True,0.0,10000,True
SRS2822259,train,MGYS00002437,seawater,1,SRR6457435,108897.0,108897.0,True,0.0,10000,True
SRS2822261,train,MGYS00002437,seawater,1,SRR6457433,131954.0,131954.0,True,0.0,10000,True
SRS2822263,train,MGYS00002437,seawater,1,SRR6457432,152938.0,152938.0,True,0.0,10000,True
SRS2822265,train,MGYS00002437,seawater,1,SRR6457430,111665.0,111665.0,True,0.0,10000,True
SRS2822266,train,MGYS00002437,seawater,1,SRR6457429,103790.0,103790.0,True,0.0,10000,True
SRS2822267,train,MGYS00002437,seawater,1,SRR6457428,79689.0,79689.0,True,0.0,10000,True
SRS2822270,train,MGYS00002437,seawater,1,SRR6457424,127140.0,127140.0,True,0.0,10000,True
SRS2822271,train,MGYS00002437,seawater,1,SRR6457425,106697.0,106697.0,True,0.0,10000,True
SRS2822272,train,MGYS00002437,seawater,1,SRR6457423,178788.0,178788.0,True,0.0,10000,True
SRS2822273,train,MGYS00002437,seawater,1,SRR6457422,104985.0,104985.0,True,0.0,10000,True
SRS2822274,train,MGYS00002437,seawater,1,SRR6457420,99280.0,99280.0,True,0.0,10000,True
SRS2822278,train,MGYS00002437,seawater,1,SRR6457416,94049.0,94049.0,True,0.0,10000,True
SRS2822281,train,MGYS00002437,seawater,1,SRR6457414,57936.0,57936.0,True,0.0,10000,True
SRS2822282,train,MGYS00002437,seawater,1,SRR6457413,68848.0,68848.0,True,0.0,10000,True
SRS2822313,train,MGYS00002437,seawater,1,SRR6457542,108690.0,108690.0,True,0.0,10000,True
SRS2822369,train,MGYS00002437,seawater,1,SRR6457513,91189.0,91189.0,True,0.0,10000,True
SRS2822440,train,MGYS00002437,seawater,1,SRR6457452,74849.0,74849.0,True,0.0,10000,True
SRS2822941,train,MGYS00002437,seawater,1,SRR6457279,73003.0,73003.0,True,0.0,10000,True
SRS2821813,valid,MGYS00002437,seawater,1,SRR6457409,94332.0,94332.0,True,0.0,10000,True
SRS2821818,valid,MGYS00002437,seawater,1,SRR6457405,126892.0,126892.0,True,0.0,10000,True
SRS2821822,valid,MGYS00002437,seawater,1,SRR6457401,105317.0,105317.0,True,0.0,10000,True
SRS2821828,valid,MGYS00002437,seawater,1,SRR6457397,90330.0,90330.0,True,0.0,10000,True
SRS2821829,valid,MGYS00002437,seawater,1,SRR6457395,62844.0,62844.0,True,0.0,10000,True
SRS2821830,valid,MGYS00002437,seawater,1,SRR6457394,46595.0,46595.0,True,0.0,10000,True
SRS2821831,valid,MGYS00002437,seawater,1,SRR6457393,88227.0,88227.0,True,0.0,10000,True
SRS2821832,valid,MGYS00002437,seawater,1,SRR6457392,73170.0,73170.0,True,0.0,10000,True
SRS2821837,valid,MGYS00002437,seawater,1,SRR6457387,78245.0,78245.0,True,0.0,10000,True
SRS2821838,valid,MGYS00002437,seawater,1,SRR6457386,95860.0,95860.0,True,0.0,10000,True
SRS2821842,valid,MGYS00002437,seawater,1,SRR6457382,135050.0,135050.0,True,0.0,10000,True
SRS2821846,valid,MGYS00002437,seawater,1,SRR6457378,109003.0,109003.0,True,0.0,10000,True
SRS2821857,valid,MGYS00002437,seawater,1,SRR6457368,89564.0,89564.0,True,0.0,10000,True
SRS2821861,valid,MGYS00002437,seawater,1,SRR6457363,86165.0,86165.0,True,0.0,10000,True
SRS2821872,valid,MGYS00002437,seawater,1,SRR6457352,80598.0,80598.0,True,0.0,10000,True
SRS2821878,valid,MGYS00002437,seawater,1,SRR6457346,61324.0,61324.0,True,0.0,10000,True
SRS2821885,valid,MGYS00002437,seawater,1,SRR6457338,83243.0,83243.0,True,0.0,10000,True
SRS2821887,valid,MGYS00002437,seawater,1,SRR6457336,81207.0,81207.0,True,0.0,10000,True
SRS2821888,valid,MGYS00002437,seawater,1,SRR6457335,19418.0,19418.0,True,0.0,10000,True
SRS2821891,valid,MGYS00002437,seawater,1,SRR6457332,106523.0,106523.0,True,0.0,10000,True
SRS2821897,valid,MGYS00002437,seawater,1,SRR6457326,127984.0,127984.0,True,0.0,10000,True
SRS2821899,valid,MGYS00002437,seawater,1,SRR6457324,94047.0,94047.0,True,0.0,10000,True
SRS2821909,valid,MGYS00002437,seawater,1,SRR6457312,111058.0,111058.0,True,0.0,10000,True
SRS2821939,valid,MGYS00002437,seawater,1,SRR6457281,82477.0,82477.0,True,0.0,10000,True
SRS2821941,valid,MGYS00002437,seawater,1,SRR6457321,79165.0,79165.0,True,0.0,10000,True
SRS2821947,valid,MGYS00002437,seawater,1,SRR6457273,85916.0,85916.0,True,0.0,10000,True
SRS2821952,valid,MGYS00002437,seawater,1,SRR6457269,88243.0,88243.0,True,0.0,10000,True
SRS2821955,valid,MGYS00002437,seawater,1,SRR6457266,80683.0,80683.0,True,0.0,10000,True
SRS2821963,valid,MGYS00002437,seawater,1,SRR6457258,11534.0,11534.0,True,0.0,10000,True
SRS2821983,valid,MGYS00002437,seawater,1,SRR6457290,66768.0,66768.0,True,0.0,10000,True
SRS2821988,valid,MGYS00002437,seawater,1,SRR6457233,99609.0,99609.0,True,0.0,10000,True
SRS2821990,valid,MGYS00002437,seawater,1,SRR6457230,95431.0,95431.0,True,0.0,10000,True
SRS2821995,valid,MGYS00002437,seawater,1,SRR6457225,151926.0,151926.0,True,0.0,10000,True
SRS2821996,valid,MGYS00002437,seawater,1,SRR6457223,80569.0,80569.0,True,0.0,10000,True
SRS2822008,valid,MGYS00002437,seawater,1,SRR6457209,75945.0,75945.0,True,0.0,10000,True
SRS2822010,valid,MGYS00002437,seawater,1,SRR6457207,42951.0,42951.0,True,0.0,10000,True
SRS2822014,valid,MGYS00002437,seawater,1,SRR6457249,105386.0,105386.0,True,0.0,10000,True
SRS2822052,valid,MGYS00002437,seawater,1,SRR6457167,58619.0,58619.0,True,0.0,10000,True
SRS2822059,valid,MGYS00002437,seawater,1,SRR6457159,159690.0,159690.0,True,0.0,10000,True
SRS2822062,valid,MGYS00002437,seawater,1,SRR6457160,117276.0,117276.0,True,0.0,10000,True
SRS2822076,valid,MGYS00002437,seawater,1,SRR6457144,116876.0,116876.0,True,0.0,10000,True
SRS2822087,valid,MGYS00002437,seawater,1,SRR6457134,236711.0,236711.0,True,0.0,10000,True
SRS2822095,valid,MGYS00002437,seawater,1,SRR6457125,64482.0,64482.0,True,0.0,10000,True
SRS2822102,valid,MGYS00002437,seawater,1,SRR6457117,44572.0,44572.0,True,0.0,10000,True
SRS2822117,valid,MGYS00002437,seawater,1,SRR6457104,100157.0,100157.0,True,0.0,10000,True
SRS2822119,valid,MGYS00002437,seawater,1,SRR6457102,107707.0,107707.0,True,0.0,10000,True
SRS2822126,valid,MGYS00002437,seawater,1,SRR6457095,57099.0,57099.0,True,0.0,10000,True
SRS2822131,valid,MGYS00002437,seawater,1,SRR6457089,119558.0,119558.0,True,0.0,10000,True
SRS2822144,valid,MGYS00002437,seawater,1,SRR6457550,70043.0,70043.0,True,0.0,10000,True
SRS2822147,valid,MGYS00002437,seawater,1,SRR6457549,90427.0,90427.0,True,0.0,10000,True
SRS2822164,valid,MGYS00002437,seawater,1,SRR6457530,45604.0,45604.0,True,0.0,10000,True
SRS2822171,valid,MGYS00002437,seawater,1,SRR6457524,144121.0,144121.0,True,0.0,10000,True
SRS2822182,valid,MGYS00002437,seawater,1,SRR6457516,73335.0,73335.0,True,0.0,10000,True
SRS2822188,valid,MGYS00002437,seawater,1,SRR6457507,109070.0,109070.0,True,0.0,10000,True
SRS2822211,valid,MGYS00002437,seawater,1,SRR6457484,113730.0,113730.0,True,0.0,10000,True
SRS2822212,valid,MGYS00002437,seawater,1,SRR6457483,91412.0,91412.0,True,0.0,10000,True
SRS2822222,valid,MGYS00002437,seawater,1,SRR6457473,89234.0,89234.0,True,0.0,10000,True
SRS2822224,valid,MGYS00002437,seawater,1,SRR6457471,94550.0,94550.0,True,0.0,10000,True
SRS2822225,valid,MGYS00002437,seawater,1,SRR6457470,117425.0,117425.0,True,0.0,10000,True
SRS2822231,valid,MGYS00002437,seawater,1,SRR6457465,77150.0,77150.0,True,0.0,10000,True
SRS2822232,valid,MGYS00002437,seawater,1,SRR6457462,52866.0,52866.0,True,0.0,10000,True
SRS2822233,valid,MGYS00002437,seawater,1,SRR6457463,67563.0,67563.0,True,0.0,10000,True
SRS2822244,valid,MGYS00002437,seawater,1,SRR6457450,68117.0,68117.0,True,0.0,10000,True
SRS2822247,valid,MGYS00002437,seawater,1,SRR6457446,64026.0,64026.0,True,0.0,10000,True
SRS2822252,valid,MGYS00002437,seawater,1,SRR6457442,98080.0,98080.0,True,0.0,10000,True
SRS2822255,valid,MGYS00002437,seawater,1,SRR6457439,78111.0,78111.0,True,0.0,10000,True
SRS2822260,valid,MGYS00002437,seawater,1,SRR6457434,71819.0,71819.0,True,0.0,10000,True
SRS2822264,valid,MGYS00002437,seawater,1,SRR6457431,96099.0,96099.0,True,0.0,10000,True
SRS2822276,valid,MGYS00002437,seawater,1,SRR6457419,121549.0,121549.0,True,0.0,10000,True
SRS2822277,valid,MGYS00002437,seawater,1,SRR6457418,128855.0,128855.0,True,0.0,10000,True
SRS2822283,valid,MGYS00002437,seawater,1,SRR6457412,72540.0,72540.0,True,0.0,10000,True
SRS2821816,test,MGYS00002437,seawater,1,SRR6457408,127826.0,127826.0,True,0.0,10000,True
SRS2821824,test,MGYS00002437,seawater,1,SRR6457400,116648.0,116648.0,True,0.0,10000,True
SRS2821835,test,MGYS00002437,seawater,1,SRR6457389,59856.0,59856.0,True,0.0,10000,True
SRS2821843,test,MGYS00002437,seawater,1,SRR6457381,81848.0,81848.0,True,0.0,10000,True
SRS2821844,test,MGYS00002437,seawater,1,SRR6457380,45858.0,45858.0,True,0.0,10000,True
SRS2821854,test,MGYS00002437,seawater,1,SRR6457371,11843.0,11843.0,True,0.0,10000,True
SRS2821860,test,MGYS00002437,seawater,1,SRR6457364,96265.0,96265.0,True,0.0,10000,True
SRS2821870,test,MGYS00002437,seawater,1,SRR6457354,74327.0,74327.0,True,0.0,10000,True
SRS2821871,test,MGYS00002437,seawater,1,SRR6457353,84634.0,84634.0,True,0.0,10000,True
SRS2821875,test,MGYS00002437,seawater,1,SRR6457349,64953.0,64953.0,True,0.0,10000,True
SRS2821881,test,MGYS00002437,seawater,1,SRR6457343,59002.0,59002.0,True,0.0,10000,True
SRS2821890,test,MGYS00002437,seawater,1,SRR6457333,72528.0,72528.0,True,0.0,10000,True
SRS2821892,test,MGYS00002437,seawater,1,SRR6457331,74807.0,74807.0,True,0.0,10000,True
SRS2821893,test,MGYS00002437,seawater,1,SRR6457330,64943.0,64943.0,True,0.0,10000,True
SRS2821894,test,MGYS00002437,seawater,1,SRR6457329,95128.0,95128.0,True,0.0,10000,True
SRS2821901,test,MGYS00002437,seawater,1,SRR6457322,97574.0,97574.0,True,0.0,10000,True
SRS2821905,test,MGYS00002437,seawater,1,SRR6457317,135545.0,135545.0,True,0.0,10000,True
SRS2821908,test,MGYS00002437,seawater,1,SRR6457313,164601.0,164601.0,True,0.0,10000,True
SRS2821916,test,MGYS00002437,seawater,1,SRR6457305,138931.0,138931.0,True,0.0,10000,True
SRS2821919,test,MGYS00002437,seawater,1,SRR6457302,57760.0,57760.0,True,0.0,10000,True
SRS2821925,test,MGYS00002437,seawater,1,SRR6457295,78452.0,78452.0,True,0.0,10000,True
SRS2821928,test,MGYS00002437,seawater,1,SRR6457293,62367.0,62367.0,True,0.0,10000,True
SRS2821931,test,MGYS00002437,seawater,1,SRR6457291,58131.0,58131.0,True,0.0,10000,True
SRS2821932,test,MGYS00002437,seawater,1,SRR6457289,99947.0,99947.0,True,0.0,10000,True
SRS2821946,test,MGYS00002437,seawater,1,SRR6457274,48287.0,48287.0,True,0.0,10000,True
SRS2821968,test,MGYS00002437,seawater,1,SRR6457253,35287.0,35287.0,True,0.0,10000,True
SRS2821969,test,MGYS00002437,seawater,1,SRR6457252,84190.0,84190.0,True,0.0,10000,True
SRS2821970,test,MGYS00002437,seawater,1,SRR6457251,103837.0,103837.0,True,0.0,10000,True
SRS2821972,test,MGYS00002437,seawater,1,SRR6457248,107107.0,107107.0,True,0.0,10000,True
SRS2821987,test,MGYS00002437,seawater,1,SRR6457234,129206.0,129206.0,True,0.0,10000,True
SRS2821991,test,MGYS00002437,seawater,1,SRR6457229,104089.0,104089.0,True,0.0,10000,True
SRS2822000,test,MGYS00002437,seawater,1,SRR6457219,52198.0,52198.0,True,0.0,10000,True
SRS2822019,test,MGYS00002437,seawater,1,SRR6457199,105067.0,105067.0,True,0.0,10000,True
SRS2822023,test,MGYS00002437,seawater,1,SRR6457196,137863.0,137863.0,True,0.0,10000,True
SRS2822025,test,MGYS00002437,seawater,1,SRR6457193,82546.0,82546.0,True,0.0,10000,True
SRS2822026,test,MGYS00002437,seawater,1,SRR6457192,104413.0,104413.0,True,0.0,10000,True
SRS2822053,test,MGYS00002437,seawater,1,SRR6457166,76854.0,76854.0,True,0.0,10000,True
SRS2822060,test,MGYS00002437,seawater,1,SRR6457158,99189.0,99189.0,True,0.0,10000,True
SRS2822063,test,MGYS00002437,seawater,1,SRR6457157,136910.0,136910.0,True,0.0,10000,True
SRS2822068,test,MGYS00002437,seawater,1,SRR6457152,123886.0,123886.0,True,0.0,10000,True
SRS2822077,test,MGYS00002437,seawater,1,SRR6457143,93518.0,93518.0,True,0.0,10000,True
SRS2822080,test,MGYS00002437,seawater,1,SRR6457140,72878.0,72878.0,True,0.0,10000,True
SRS2822089,test,MGYS00002437,seawater,1,SRR6457131,106106.0,106106.0,True,0.0,10000,True
SRS2822111,test,MGYS00002437,seawater,1,SRR6457109,74876.0,74876.0,True,0.0,10000,True
SRS2822116,test,MGYS00002437,seawater,1,SRR6457212,94773.0,94773.0,True,0.0,10000,True
SRS2822120,test,MGYS00002437,seawater,1,SRR6457101,90839.0,90839.0,True,0.0,10000,True
SRS2822122,test,MGYS00002437,seawater,1,SRR6457099,78852.0,78852.0,True,0.0,10000,True
SRS2822125,test,MGYS00002437,seawater,1,SRR6457096,87533.0,87533.0,True,0.0,10000,True
SRS2822129,test,MGYS00002437,seawater,1,SRR6457092,51095.0,51095.0,True,0.0,10000,True
SRS2822133,test,MGYS00002437,seawater,1,SRR6457087,54109.0,54109.0,True,0.0,10000,True
SRS2822136,test,MGYS00002437,seawater,1,SRR6457084,98937.0,98937.0,True,0.0,10000,True
SRS2822149,test,MGYS00002437,seawater,1,SRR6457546,91843.0,91843.0,True,0.0,10000,True
SRS2822153,test,MGYS00002437,seawater,1,SRR6457544,97615.0,97615.0,True,0.0,10000,True
SRS2822168,test,MGYS00002437,seawater,1,SRR6457527,83151.0,83151.0,True,0.0,10000,True
SRS2822180,test,MGYS00002437,seawater,1,SRR6457515,110278.0,110278.0,True,0.0,10000,True
SRS2822183,test,MGYS00002437,seawater,1,SRR6457512,87035.0,87035.0,True,0.0,10000,True
SRS2822185,test,MGYS00002437,seawater,1,SRR6457510,132604.0,132604.0,True,0.0,10000,True
SRS2822218,test,MGYS00002437,seawater,1,SRR6457477,89659.0,89659.0,True,0.0,10000,True
SRS2822220,test,MGYS00002437,seawater,1,SRR6457475,63338.0,63338.0,True,0.0,10000,True
SRS2822230,test,MGYS00002437,seawater,1,SRR6457464,53129.0,53129.0,True,0.0,10000,True
SRS2822236,test,MGYS00002437,seawater,1,SRR6457459,78922.0,78922.0,True,0.0,10000,True
SRS2822240,test,MGYS00002437,seawater,1,SRR6457455,74274.0,74274.0,True,0.0,10000,True
SRS2822243,test,MGYS00002437,seawater,1,SRR6457451,58482.0,58482.0,True,0.0,10000,True
SRS2822253,test,MGYS00002437,seawater,1,SRR6457441,107865.0,107865.0,True,0.0,10000,True
SRS2822256,test,MGYS00002437,seawater,1,SRR6457438,75712.0,75712.0,True,0.0,10000,True
SRS2822262,test,MGYS00002437,seawater,1,SRR6457122,63163.0,63163.0,True,0.0,10000,True
SRS2822268,test,MGYS00002437,seawater,1,SRR6457427,108271.0,108271.0,True,0.0,10000,True
SRS2822269,test,MGYS00002437,seawater,1,SRR6457426,116251.0,116251.0,True,0.0,10000,True
SRS2822275,test,MGYS00002437,seawater,1,SRR6457421,87406.0,87406.0,True,0.0,10000,True
SRS2822279,test,MGYS00002437,seawater,1,SRR6457417,107256.0,107256.0,True,0.0,10000,True
SRS2822280,test,MGYS00002437,seawater,1,SRR6457415,74410.0,74410.0,True,0.0,10000,True
SRS2822298,test,MGYS00002437,seawater,1,SRR6457090,60581.0,60581.0,True,0.0,10000,True
